,Source,Time Stamp,Tweet Text,Compound Score,Positive Score,Neutral Score,Negative Score
0,BBCWorld,Wed Aug 01 04:59:52 +0000 2018,Window-smashing kangaroo escapes from shelter in Australia https://t.co/P4sbbcV3wS,0.128,0.176,0.824,0.0
1,BBCWorld,Wed Aug 01 03:02:23 +0000 2018,"RT @SallyBundockBBC: If you are a #Facebook user tell us what you're up to. Do you use the social media platform to connect, for news, shop‚Ä¶",0.0,0.0,1.0,0.0
2,BBCWorld,Wed Aug 01 02:56:19 +0000 2018,Plastic bags: Australia anger over Coles 'caving in to tantrums' https://t.co/rKmTzka50v,-0.7351,0.0,0.592,0.408
3,BBCWorld,Wed Aug 01 02:13:11 +0000 2018,How to print your own firearm https://t.co/QwdhuPa7MJ,0.0,0.0,1.0,0.0
4,BBCWorld,Wed Aug 01 01:53:35 +0000 2018,US release of 3D-printed gun software blocked https://t.co/KupI0zwD3i,-0.5423,0.0,0.571,0.429
5,BBCWorld,Tue Jul 31 23:25:26 +0000 2018,100 Women: Playing mother to El Salvador's gang children https://t.co/JbpDgxJGQr,0.2023,0.167,0.833,0.0
6,BBCWorld,Tue Jul 31 23:05:54 +0000 2018,Disinvited - the bridesmaids no longer needed https://t.co/J1GHxeizPL,-0.296,0.0,0.732,0.268
7,BBCWorld,Tue Jul 31 23:03:24 +0000 2018,Black Panther spin-off: How author Nnedi Okorafor found her identity https://t.co/ckuLR5VGzw,0.0,0.0,1.0,0.0
8,BBCWorld,Tue Jul 31 22:47:08 +0000 2018,US embassy in London auctions off toilet rolls and old goods https://t.co/L3AJUtNMDB,0.0,0.0,1.0,0.0
9,BBCWorld,Tue Jul 31 22:01:07 +0000 2018,Canada says it is using DNA websites to identify some migrants https://t.co/r0DMkoIp9M,0.0,0.0,1.0,0.0
10,BBCWorld,Tue Jul 31 21:43:38 +0000 2018,Airliner crashes in Mexico - reports https://t.co/4omqnDT7gZ,0.0,0.0,1.0,0.0
11,BBCWorld,Tue Jul 31 21:42:30 +0000 2018,"RT @BBCBreaking: Plane with at least 80 on board crashes in Mexican city of Durango, local media report https://t.co/BrNF7LDkq8",0.0,0.0,1.0,0.0
12,BBCWorld,Tue Jul 31 21:28:39 +0000 2018,South Africa to amend constitution to allow land expropriation https://t.co/uPKuWAejmT,0.2263,0.174,0.826,0.0
13,BBCWorld,Tue Jul 31 21:10:47 +0000 2018,'A horrendous battle': Dry conditions fuel California wildfires https://t.co/lipl6doKJX,-0.5859,0.0,0.678,0.322
14,BBCWorld,Tue Jul 31 19:44:26 +0000 2018,The unlikely US box office stars https://t.co/28KqKfpark,0.0,0.0,1.0,0.0
15,BBCWorld,Tue Jul 31 19:01:02 +0000 2018,The face behind a stock image: How I gave away my face for free https://t.co/30VPyr7uqN,0.5106,0.216,0.784,0.0
16,BBCWorld,Tue Jul 31 18:54:46 +0000 2018,"RT @BBCNorthAmerica: Calling all mothers! We‚Äôre working on a video about going back to work after having a baby, and we want to hear about‚Ä¶",0.1511,0.067,0.933,0.0
17,BBCWorld,Tue Jul 31 18:13:36 +0000 2018,Central African Republic: Russian journalists die in ambush https://t.co/20UsopoIQL,-0.5994,0.0,0.672,0.328
18,BBCWorld,Tue Jul 31 17:10:53 +0000 2018,Vancouver man shoved into oncoming traffic https://t.co/FxaOTk1B7y,0.0,0.0,1.0,0.0
19,BBCWorld,Tue Jul 31 16:31:23 +0000 2018,"Car crush TV üò±

60 luxury vehicles destroyed in Philippines smuggling crackdown https://t.co/B7JqzYrWT8 https://t.co/dWA5sY3GsM",-0.7845,0.0,0.559,0.441
20,BBCWorld,Tue Jul 31 16:17:37 +0000 2018,Florida paramedics 'racially profiled' dying woman https://t.co/Qc2Jm2KD8K,0.0,0.0,1.0,0.0
21,BBCWorld,Tue Jul 31 15:54:56 +0000 2018,Full story: Shark 'recovering' after aquarium pram kidnap https://t.co/NjP7ki3LNh,0.0,0.0,1.0,0.0
22,BBCWorld,Tue Jul 31 15:41:32 +0000 2018,"Disguised as a baby and stolen from an aquarium ü¶à

Now Miss Helen the horn shark is back where she belongs https://t.co/W6oQaqiiY1",-0.7096,0.0,0.711,0.289
23,BBCWorld,Tue Jul 31 15:38:52 +0000 2018,"RT @BBCNorthAmerica: Have you been asked to relinquish your duties as a bridesmaid? Or, have you disinvited your bridesmaid or a guest from‚Ä¶",0.0,0.0,1.0,0.0
24,BBCWorld,Tue Jul 31 15:27:59 +0000 2018,Mexico's Popocat√©petl volcano spews ash high into the sky https://t.co/iYESDgTIgj,0.0,0.0,1.0,0.0
25,BBCWorld,Tue Jul 31 14:37:16 +0000 2018,Missing Malaysia flight MH370: Aviation chief quits over failings https://t.co/HMDmiqj3OJ,-0.6597,0.0,0.597,0.403
26,BBCWorld,Tue Jul 31 14:35:40 +0000 2018,"RT @BBCNews: #HappyBirthdayHarryPotter!

This is how the boy wizard enchanted the world https://t.co/IUE40g5UtA https://t.co/nQQb1kjkMf",0.4389,0.182,0.818,0.0
27,BBCWorld,Tue Jul 31 13:38:57 +0000 2018,Alaska Airlines: Gay man accuses company of discrimination https://t.co/37IMMxZbue,-0.34,0.0,0.769,0.231
28,BBCWorld,Tue Jul 31 13:26:28 +0000 2018,Slovakia alarmed by pro-Putin Night Wolves bikers' base https://t.co/xkes4ataUX,-0.34,0.0,0.769,0.231
29,BBCWorld,Tue Jul 31 13:06:21 +0000 2018,'Bigfoot erotica' row turns Virginia congressional race ugly https://t.co/pdYtm6gON8,-0.5106,0.0,0.708,0.292
30,BBCWorld,Tue Jul 31 12:53:23 +0000 2018,German heatwave causes beer bottle shortage as sales surge https://t.co/62E1UN4pIv,-0.25,0.0,0.818,0.182
31,BBCWorld,Tue Jul 31 12:46:06 +0000 2018,Did MI5 miss chance to catch Manchester Arena bomber Salman Abedi? https://t.co/u7PPXhALlv,0.1027,0.147,0.735,0.118
32,BBCWorld,Tue Jul 31 12:36:38 +0000 2018,Romanian police confiscate anti-government number plates https://t.co/nfC81DCEZ1,0.0772,0.178,0.822,0.0
33,BBCWorld,Tue Jul 31 12:33:58 +0000 2018,D√ºsseldorf neo-Nazi attack: Defendant acquitted of bomb blast https://t.co/J4AssUv1gj,-0.6486,0.14,0.42,0.441
34,BBCWorld,Tue Jul 31 12:23:52 +0000 2018,Iranians criticise Trump's offer of talks https://t.co/NjlnmBuHcU,-0.4404,0.0,0.674,0.326
35,BBCWorld,Tue Jul 31 12:08:32 +0000 2018,Italian athlete Osakue fears climate of violence after attack https://t.co/QBjyCyfn2V,-0.875,0.0,0.412,0.588
36,BBCWorld,Tue Jul 31 12:01:26 +0000 2018,Stranded Russian climber rescued after six-day ordeal in Pakistan https://t.co/oi8qbSW2yj,0.4215,0.237,0.763,0.0
37,BBCWorld,Tue Jul 31 11:24:12 +0000 2018,Kenya's Tourism Minister sorry for saying 'go to hell' https://t.co/rj3SDevE6f,-0.7096,0.0,0.576,0.424
38,BBCWorld,Tue Jul 31 10:52:03 +0000 2018,Colombia shoot-out kills eight in area hit by rebel feud https://t.co/IgOq5ouXWL,-0.7579,0.0,0.516,0.484
39,BBCWorld,Tue Jul 31 10:42:08 +0000 2018,Dareen Tatour: Israeli Arab poet sentenced for incitement https://t.co/6GLhP5wyDF,-0.0258,0.0,0.879,0.121
40,BBCWorld,Tue Jul 31 10:21:49 +0000 2018,Southern Agricultural Show: 'Special' bull named supreme champion https://t.co/3GyOfgeXkj,0.8176,0.517,0.483,0.0
41,BBCWorld,Tue Jul 31 10:11:57 +0000 2018,"The battle to stop former Islamic State fighters getting to Europe 

https://t.co/FFeNmOa2ne https://t.co/pUFcKzoKaS",-0.6124,0.0,0.625,0.375
42,BBCWorld,Tue Jul 31 09:21:52 +0000 2018,"Miss Helen, shark stolen in a pram, recovering in US aquarium https://t.co/jPxIarATwO",-0.5859,0.0,0.652,0.348
43,BBCWorld,Tue Jul 31 08:57:57 +0000 2018,Zimbabwe election: Mnangagwa and Chamisa both upbeat https://t.co/42xf894DGv,0.0,0.0,1.0,0.0
44,BBCWorld,Tue Jul 31 07:52:33 +0000 2018,New Zealand sexist road sign changed by seven-year-old girl https://t.co/ooHEslKjhD,0.0,0.0,1.0,0.0
45,BBCWorld,Tue Jul 31 07:47:23 +0000 2018,India telecom chief denies losing dare to hackers https://t.co/VjFUWULMcW,-0.6597,0.0,0.565,0.435
46,BBCWorld,Tue Jul 31 07:14:46 +0000 2018,"RT @BBCNewsbeat: Fans have praised Chrissy Teigan for showing her 'mom bod' üôå
https://t.co/H21BRMFeYr",0.4939,0.211,0.789,0.0
47,BBCWorld,Tue Jul 31 07:02:10 +0000 2018,Does the death penalty deter rape in India? https://t.co/x214kpsRsn,-0.9118,0.0,0.341,0.659
48,BBCWorld,Tue Jul 31 05:49:49 +0000 2018,False widow spider 'devours' native lizard https://t.co/JRGZdGVoCd,0.0,0.0,1.0,0.0
49,BBCWorld,Tue Jul 31 03:37:41 +0000 2018,Lombok earthquake: 543 hikers evacuated from Mt Rinjani https://t.co/osNkO31id8,0.0,0.0,1.0,0.0
50,BBCWorld,Tue Jul 31 03:16:41 +0000 2018,Backpackers attacked with shovel in Australian bush https://t.co/ZuioxsSWKf,-0.4588,0.0,0.7,0.3
51,BBCWorld,Tue Jul 31 02:40:07 +0000 2018,"RT @AboutTheBBC: More women than ever before are watching, reading and listening to the BBC in #Afghanistan, thanks to @BBCWorldService htt‚Ä¶",0.4404,0.127,0.873,0.0
52,BBCWorld,Tue Jul 31 02:25:20 +0000 2018,"North Korea 'working on new missiles', US officials say https://t.co/N84Oc6IKIS",0.0,0.0,1.0,0.0
53,BBCWorld,Tue Jul 31 01:52:42 +0000 2018,"RT @bbcweather: #Winterlude will feel like a distant memory by this weekend, especially for those in the southern half of the country where‚Ä¶",0.3612,0.106,0.894,0.0
54,BBCWorld,Tue Jul 31 00:54:45 +0000 2018,UK man's rape conviction quashed in Sydney https://t.co/RXY0qDtVjG,-0.6908,0.0,0.598,0.402
55,BBCWorld,Tue Jul 31 00:44:23 +0000 2018,Fast fashion: Inside the fight to end the silence on waste https://t.co/u6PCrBbNCm,-0.6597,0.0,0.649,0.351
56,BBCWorld,Tue Jul 31 00:28:38 +0000 2018,"Paul Manafort, ex-Trump campaign chief, to begin trial https://t.co/I3W0ZIkHVg",0.0,0.0,1.0,0.0
57,BBCWorld,Tue Jul 31 00:23:25 +0000 2018,Letter from Africa: How bruised is President Buhari by defections? https://t.co/hzZ9EhPvSo,-0.3612,0.0,0.8,0.2
58,BBCWorld,Tue Jul 31 00:12:41 +0000 2018,Reality Check: Will the EHIC be valid after Brexit? https://t.co/Usfpl292I6,0.0,0.0,1.0,0.0
59,BBCWorld,Tue Jul 31 00:04:09 +0000 2018,Intrepid French hunt for sunken warships Cordeli√®re and Regent https://t.co/983c4pRhFJ,-0.128,0.0,0.857,0.143
60,BBCWorld,Mon Jul 30 21:42:28 +0000 2018,IS claims fatal Tajik attack on foreign cyclists https://t.co/7VP5WZTUBY,-0.765,0.0,0.515,0.485
61,BBCWorld,Mon Jul 30 21:31:47 +0000 2018,James Gunn: Guardians of the Galaxy cast back fired director https://t.co/eH8uqQ9Ocd,-0.5574,0.0,0.735,0.265
62,BBCWorld,Mon Jul 30 21:07:36 +0000 2018,Les Moonves: No immediate CBS action on harassment claims https://t.co/rflNRh1wIu,-0.6908,0.0,0.584,0.416
63,BBCWorld,Mon Jul 30 19:23:22 +0000 2018,Trump says ready to meet Iran's Rouhani https://t.co/69paQojCmD,0.3612,0.263,0.737,0.0
64,BBCWorld,Mon Jul 30 18:29:25 +0000 2018,Trump has 'no problem' with a government shutdown https://t.co/dZlkEFCU1l,-0.5994,0.0,0.55,0.45
65,BBCWorld,Mon Jul 30 18:13:33 +0000 2018,Russia World Cup: Pussy Riot protesters detained on leaving jail https://t.co/5ZqkwThqK4,-0.802,0.0,0.494,0.506
66,BBCWorld,Mon Jul 30 17:46:25 +0000 2018,US airport security secretly monitors US citizens on flights https://t.co/ZLdDScljFA,0.34,0.211,0.789,0.0
67,BBCWorld,Mon Jul 30 17:43:34 +0000 2018,Italy earthquake 'hero dog' found dead https://t.co/JfPj67H2FT,-0.1779,0.279,0.388,0.333
68,BBCWorld,Mon Jul 30 17:40:34 +0000 2018,Lionel Messi shows his üêï why he's the üêê https://t.co/UKTrKFiQTB,0.0,0.0,1.0,0.0
69,BBCWorld,Mon Jul 30 16:32:04 +0000 2018,Irish man found in Sydney with serious head injuries https://t.co/LefmSabzB6,-0.0772,0.0,0.874,0.126
70,BBCWorld,Mon Jul 30 15:28:38 +0000 2018,"RT @bbcthree: In Georgia, techno raves are a form of revolution by liberal youth against far-right groups: https://t.co/EtL705ARya https://‚Ä¶",0.0,0.0,1.0,0.0
71,BBCWorld,Mon Jul 30 15:19:45 +0000 2018,Taliban sources confirm Qatar meeting with senior US diplomat https://t.co/7XUciF0q5V,0.0,0.0,1.0,0.0
72,BBCWorld,Mon Jul 30 14:30:27 +0000 2018,Archbishop Philip Wilson resigns after sex abuse cover-up https://t.co/WJmW74q9H7,-0.8271,0.0,0.408,0.592
73,BBCWorld,Mon Jul 30 14:04:28 +0000 2018,Julian Assange: Campaigner or attention-seeker? https://t.co/NHyR7bFPji,0.0,0.0,1.0,0.0
74,BBCWorld,Mon Jul 30 13:51:07 +0000 2018,Chinese ex-online tsar Lu Wei charged with bribery https://t.co/g99KESkY2B,-0.2023,0.0,0.816,0.184
75,BBCWorld,Mon Jul 30 13:43:48 +0000 2018,Grace Mugabe's immunity annulled by South African court https://t.co/twjtwtlt8Z,0.4215,0.259,0.741,0.0
76,BBCWorld,Mon Jul 30 13:14:49 +0000 2018,"""What happened to the Rohingya in Myanmar could happen to us here. We are afraid.""

Villagers in the Indian state o‚Ä¶ https://t.co/9bBAPAbynj",0.0,0.0,1.0,0.0
77,BBCWorld,Mon Jul 30 13:04:41 +0000 2018,Kenya race row retailer Chandarana Foodplus defies governor https://t.co/AY27qJXzgg,0.0,0.0,1.0,0.0
78,BBCWorld,Mon Jul 30 12:51:00 +0000 2018,"RT @BBCSport: Sad news. 

Olympic cross-country skiing gold medallist Vibeke Skofterud has died in a jet-skiing accident at the age of 38.‚Ä¶",-0.8689,0.0,0.647,0.353
79,BBCWorld,Mon Jul 30 12:33:10 +0000 2018,Germany gripped by #MeTwo racism debate https://t.co/rD9gkdNd8y,-0.6249,0.0,0.594,0.406
80,BBCWorld,Mon Jul 30 12:30:29 +0000 2018,Julian Assange in the Ecuadorian embassy: Timeline https://t.co/JmBR57v0sD,0.0,0.0,1.0,0.0
81,BBCWorld,Mon Jul 30 12:20:25 +0000 2018,Ramsey by-election turnout 'disappointing' https://t.co/vFkpt0REAq,0.0,0.0,1.0,0.0
82,BBCWorld,Mon Jul 30 11:54:29 +0000 2018,India leopard attack: Baby injured after being snatched in Gujarat https://t.co/B9dKthEC20,-0.7003,0.0,0.608,0.392
83,BBCWorld,Mon Jul 30 11:36:47 +0000 2018,Ben-my-Chree returns after 'unprecedented' turbo failure https://t.co/QJhKIEiB02,-0.5106,0.0,0.645,0.355
84,BBCWorld,Mon Jul 30 11:28:53 +0000 2018,France shocked over video of woman being slapped by harasser https://t.co/1dhWKCZVcl,-0.6908,0.0,0.612,0.388
85,BBCWorld,Mon Jul 30 11:18:20 +0000 2018,Why Jeremy Hunt's 'Japanese' wife gaffe is a bad mistake https://t.co/QF7F2ALAHV,-0.7096,0.0,0.576,0.424
86,BBCWorld,Mon Jul 30 10:14:32 +0000 2018,"This shocking video of prison brutality has caused an outcry in Russia 

https://t.co/7ZhUO7RvAB https://t.co/OKiSkkyWsu",-0.9231,0.0,0.429,0.571
87,BBCWorld,Mon Jul 30 09:10:44 +0000 2018,Algeria profile - Timeline https://t.co/wiGpiNuvxZ,0.0,0.0,1.0,0.0
88,BBCWorld,Mon Jul 30 09:08:04 +0000 2018,Algeria country profile https://t.co/TdAyD9oAsN,0.0,0.0,1.0,0.0
89,BBCWorld,Mon Jul 30 09:04:56 +0000 2018,A mystery solved after more than 60 years https://t.co/leRo6RYbSG,0.2732,0.231,0.769,0.0
90,BBCWorld,Mon Jul 30 08:59:59 +0000 2018,RT @BBCNewsbeat: The Melbourne residents managed to trap the kangaroo in the bathroom üá¶üá∫ https://t.co/FcVuTn9wBY,-0.3182,0.0,0.859,0.141
91,BBCWorld,Mon Jul 30 08:40:52 +0000 2018,Tajikistan probes 'attack' that left four foreign cyclists dead https://t.co/OFZ0UL44Iz,-0.6486,0.0,0.677,0.323
92,BBCWorld,Mon Jul 30 07:20:46 +0000 2018,Cricket Australia accused of sacking woman over abortion tweets https://t.co/c1RxNj9sAg,-0.296,0.0,0.804,0.196
93,BBCWorld,Mon Jul 30 07:17:25 +0000 2018,"RT @BBCIndia: With Bangladesh unlikely to accept them, where will these millions of people go? @soutikBBC writes.
 https://t.co/CjXFO46ljq",0.3818,0.133,0.867,0.0
94,BBCWorld,Mon Jul 30 07:17:19 +0000 2018,"RT @BBCBenThompson: As one of Britain's largest travel firms stops selling tickets to marine parks that keep killer whales, we want to know‚Ä¶",-0.6808,0.048,0.735,0.217
95,BBCWorld,Mon Jul 30 07:05:02 +0000 2018,What happens to India's four million 'stateless' people? https://t.co/rvyHpVB4Js,0.0,0.0,1.0,0.0
96,BBCWorld,Mon Jul 30 04:32:56 +0000 2018,Karunanidhi health: Tamil Nadu former chief minister in hospital https://t.co/WdJUgteql0,0.0,0.0,1.0,0.0
97,BBCWorld,Mon Jul 30 03:35:00 +0000 2018,Assam: Millions risk losing India citizenship https://t.co/9W0UAICIo9,-0.5719,0.0,0.515,0.485
98,BBCWorld,Mon Jul 30 03:04:30 +0000 2018,"RT @BBCNewsAsia: ""Massive damage."" 

More than 100 people are trapped on Mount Rinjani, a popular hiking destination on the Indonesian tour‚Ä¶",-0.1531,0.116,0.744,0.14
99,BBCWorld,Mon Jul 30 02:45:55 +0000 2018,Lombok: Hikers trapped on mountain after earthquake https://t.co/5p6F8Myo0a,-0.5267,0.0,0.673,0.327
100,CBSNews,Wed Aug 01 05:18:04 +0000 2018,"Alan Alda reveals he has Parkinson's disease: ""I'm not angry"" https://t.co/9N0owUONkn https://t.co/i30GHKhT1L",0.4023,0.197,0.803,0.0
101,CBSNews,Wed Aug 01 05:03:04 +0000 2018,At least 20 missing in California wildfire with thousands more evacuated https://t.co/vpFoSQaliH https://t.co/0lb7ED9zrt,-0.296,0.0,0.845,0.155
102,CBSNews,Wed Aug 01 04:48:05 +0000 2018,From rigs to reefs: Researchers encourage authorities to rethink oil rig removal https://t.co/GT1DdKHnQE https://t.co/PsgH2DeTCu,0.4215,0.196,0.714,0.089
103,CBSNews,Wed Aug 01 04:33:03 +0000 2018,"Trump says he ""spoke to NRA"" about 3D plastic guns https://t.co/q0JAGcQTAL https://t.co/968u59vnUD",0.0,0.0,1.0,0.0
104,CBSNews,Wed Aug 01 04:18:04 +0000 2018,A favorite Warren Buffett stock market metric is at all-time high https://t.co/pDZeVjec4s https://t.co/jOV6ItZ4p5,0.4588,0.214,0.786,0.0
105,CBSNews,Wed Aug 01 04:03:03 +0000 2018,Upstate New York couple married for 78 years dies 2 days apart https://t.co/6GnJ75CYXM https://t.co/4ARXkY6gIh,0.0,0.0,1.0,0.0
106,CBSNews,Wed Aug 01 03:48:03 +0000 2018,"Nationals set team scoring record, top Mets by 21 runs https://t.co/uRq1bKUSJc https://t.co/kxvED4wuIo",0.2023,0.141,0.859,0.0
107,CBSNews,Wed Aug 01 03:43:16 +0000 2018,N.Y. Gov. offers to pay fees for 7-year-old's lemonade stand shut down by state health inspector‚Ä¶ https://t.co/STcoub8VPp,-0.1027,0.0,0.92,0.08
108,CBSNews,Wed Aug 01 03:32:04 +0000 2018,"Nationals set team scoring record, top Mets by 21 runs https://t.co/opMrZLGko1 https://t.co/V6sfVCxf6u",0.2023,0.141,0.859,0.0
109,CBSNews,Wed Aug 01 03:18:04 +0000 2018,"LAPD releases video of officers shooting, killing hostage during standoff https://t.co/UaD6MP7iiE https://t.co/mBnR65JtKN",-0.6597,0.0,0.714,0.286
110,CBSNews,Wed Aug 01 03:10:06 +0000 2018,N.Y. Gov. offers to pay fees for 7-year-old's lemonade stand shut down by state health inspector‚Ä¶ https://t.co/EUCgOCGOi4,-0.1027,0.0,0.92,0.08
111,CBSNews,Wed Aug 01 03:03:03 +0000 2018,Kroger threatens to ban Visa cards https://t.co/3jTGsfdb9P https://t.co/o1HxBxjDk3,-0.7351,0.0,0.492,0.508
112,CBSNews,Wed Aug 01 03:02:06 +0000 2018,"LAPD releases video of officers shooting, killing hostage during standoff https://t.co/JEta40fxC1 https://t.co/ei23CXdTbd",-0.6597,0.0,0.714,0.286
113,CBSNews,Wed Aug 01 02:40:22 +0000 2018,MIRACLE IN MEXICO: A plane crashed with 103 people on board in a northern Mexico state. All passengers and crew mir‚Ä¶ https://t.co/8V34p1ild0,0.6739,0.193,0.807,0.0
114,CBSNews,Wed Aug 01 02:20:01 +0000 2018,"Activists block trains, protest fatal police shooting of black man in Minneapolis https://t.co/YD1lAgZKil‚Ä¶ https://t.co/lci3s1Fbv4",-0.8126,0.0,0.567,0.433
115,CBSNews,Wed Aug 01 02:20:01 +0000 2018,"""Flexin' in my complexion"": Girl turns bullying experience into a booming business https://t.co/ZkJSWjtve7 https://t.co/BMajsHdQgE",-0.5994,0.0,0.755,0.245
116,CBSNews,Wed Aug 01 01:39:41 +0000 2018,RT @CBSThisMorning: UPDATE: A federal judge issued a temporary restraining order to block access to the 10 blueprints that detail how to ma‚Ä¶,-0.4404,0.0,0.873,0.127
117,CBSNews,Wed Aug 01 01:17:20 +0000 2018,"President Trump says the time has come for voter ID because, ‚Äúyou want¬†to buy groceries, you need a¬†picture on a ca‚Ä¶ https://t.co/s1a5PzuUyR",0.0772,0.058,0.942,0.0
118,CBSNews,Wed Aug 01 01:09:53 +0000 2018,"""I had five minutes to give her a kiss and not know what was going to happen"": Iowa teen seriously hurt in ""Kiki"" c‚Ä¶ https://t.co/z5rLbsRp1O",-0.3182,0.097,0.727,0.176
119,CBSNews,Wed Aug 01 00:51:10 +0000 2018,‚ÄúVoters who are with Trump now feel vindicated‚Äù: @majorcbs speaks of the one important change he recognized with Pr‚Ä¶ https://t.co/4924tFyZwL,0.2023,0.087,0.913,0.0
120,CBSNews,Wed Aug 01 00:39:50 +0000 2018,"Teacher took more than 100 ""up-skirt"" photos of students in class with hidden camera https://t.co/Y9eTY3tZjT https://t.co/ruJ2m75Npf",0.0,0.0,1.0,0.0
121,CBSNews,Wed Aug 01 00:19:39 +0000 2018,Why more millennials are quitting lucrative jobs to travel the world https://t.co/WjQPJ52yEE https://t.co/Kbuw6zREU0,0.0,0.0,1.0,0.0
122,CBSNews,Wed Aug 01 00:00:00 +0000 2018,Actor Alan Alda reveals how strange behavior in a dream helped doctors unearth his diagnosis https://t.co/bwzYdWKrH7 https://t.co/TIZRvN3l0T,0.0516,0.112,0.787,0.101
123,CBSNews,Tue Jul 31 23:39:37 +0000 2018,Here's how Trump's next tax cut would boost America's richest https://t.co/wLkXzpAuOZ https://t.co/rKyq6Nc1j0,0.6124,0.355,0.523,0.122
124,CBSNews,Tue Jul 31 23:30:32 +0000 2018,"Penn State frat member gets house arrest over 2017 pledge death. He is the only member, out of the more than 12 peo‚Ä¶ https://t.co/aPFKdiRbG0",-0.743,0.0,0.777,0.223
125,CBSNews,Tue Jul 31 23:21:31 +0000 2018,A federal judge in Seattle issued a temporary restraining order to stop the release of blueprints for making untrac‚Ä¶ https://t.co/i2SgIltoKt,-0.296,0.0,0.885,0.115
126,CBSNews,Tue Jul 31 23:14:02 +0000 2018,RT @CBSThisMorning: It wasn't supposed to happen before midnight tonight but it turns out the founder of a radical pro-gun group has alread‚Ä¶,0.0,0.0,1.0,0.0
127,CBSNews,Tue Jul 31 23:11:49 +0000 2018,WATCH NOW: President Trump holds rally for the Republican candidate for governor in Florida as he ramps up campaign‚Ä¶ https://t.co/DA5DJF7RTR,0.0,0.0,1.0,0.0
128,CBSNews,Tue Jul 31 23:08:10 +0000 2018,"They rocked the wedding of Prince Harry and Meghan Markle before a worldwide television audience. 

Now the Kingdom‚Ä¶ https://t.co/cYsTVy1nYM",0.0,0.0,1.0,0.0
129,CBSNews,Tue Jul 31 23:05:43 +0000 2018,RT @CBSEveningNews: LA County district attorney's office said it would not pursue criminal charges against CBS CEO Les Moonves in connectio‚Ä¶,0.5559,0.195,0.805,0.0
130,CBSNews,Tue Jul 31 23:02:53 +0000 2018,"So far in 2018, 29 children have died in hot cars. At this rate, its on track to be one the deadliest years ever.‚Ä¶ https://t.co/VUc8Ll3yd5",-0.5574,0.0,0.87,0.13
131,CBSNews,Tue Jul 31 22:58:13 +0000 2018,"""If I allow you to download an AR-15, I don't believe that I provide you with anything other than the general knowl‚Ä¶ https://t.co/QINWy9lWc3",0.2263,0.091,0.909,0.0
132,CBSNews,Tue Jul 31 22:49:56 +0000 2018,"Paul Manafort, the president's one-time campaign chairman, went on trial today. 

@PaulaReidCBS reports on the late‚Ä¶ https://t.co/lBziBqUQhG",0.0,0.0,1.0,0.0
133,CBSNews,Tue Jul 31 22:46:44 +0000 2018,"RT @CBSEveningNews: Twenty people are unaccounted for in Northern California‚Äôs Carr Fire -- a figure that has more than tripled.
 
As 15 fi‚Ä¶",-0.34,0.0,0.897,0.103
134,CBSNews,Tue Jul 31 22:41:48 +0000 2018,"The 2018 midterm elections are 14 weeks from today, and Facebook says it has now uncovered a new attempt to interfe‚Ä¶ https://t.co/bq1OLHrd3U",0.0,0.0,1.0,0.0
135,CBSNews,Tue Jul 31 22:37:50 +0000 2018,"Aeromexico plane with 101 on board crashes shortly after takeoff in Durango, Mexico. @OmarVillafranca reports there‚Ä¶ https://t.co/27SRqLSg3h",0.0,0.0,1.0,0.0
136,CBSNews,Tue Jul 31 22:24:53 +0000 2018,"WATCH: 21 cars piled with debris, smashed into each other after parking garage collapses in Texas‚Ä¶ https://t.co/bG5U6L7J84",-0.296,0.0,0.879,0.121
137,CBSNews,Tue Jul 31 22:09:33 +0000 2018,"DEVELOPING: Aeromexico plane suffers ""accident"" Tuesday in Mexico's northern state of Durango, officials say‚Ä¶ https://t.co/9XggTQnwbi",-0.4767,0.0,0.819,0.181
138,CBSNews,Tue Jul 31 22:04:43 +0000 2018,Rihanna becomes the first black woman to grace the cover of British Vogue's prestigious September issue‚Ä¶ https://t.co/WzLIL4Ud9I,0.4215,0.149,0.851,0.0
139,CBSNews,Tue Jul 31 21:44:50 +0000 2018,Two trains crash near the ancient Incan citadel of Machu Picchu https://t.co/0k94HBIhar https://t.co/pmuKOP593o,-0.4019,0.0,0.816,0.184
140,CBSNews,Tue Jul 31 21:30:37 +0000 2018,Dozens of investigators chasing hundreds of leads in search for missing Iowa student Mollie Tibbetts‚Ä¶ https://t.co/OA3Uei4OBX,-0.296,0.0,0.872,0.128
141,CBSNews,Tue Jul 31 21:09:57 +0000 2018,7 Mexican nationals charged in Texas mall robbery that sparked panic after shoppers mistook the sounds of smashing‚Ä¶ https://t.co/X9MsUSNX2d,-0.6249,0.0,0.758,0.242
142,CBSNews,Tue Jul 31 20:54:51 +0000 2018,"Twitter users spotlight offensive tweets to expose ""toxic"" culture in baseball https://t.co/6Ct4Hpjh49 https://t.co/Yq7RpeMmwR",-0.5574,0.0,0.705,0.295
143,CBSNews,Tue Jul 31 20:42:23 +0000 2018,"‚ÄúIt became clear¬†early on, in a very real sense,¬†we inherited a cyber crisis,‚Äù says VP Mike Pence at Department of‚Ä¶ https://t.co/umgHhpLSwn",0.3818,0.115,0.885,0.0
144,CBSNews,Tue Jul 31 20:35:28 +0000 2018,HAPPENING NOW: Vice President Mike Pence is speaking at the Department of Homeland Security's National cybersecurit‚Ä¶ https://t.co/ETNmG8DhZM,0.0,0.0,1.0,0.0
145,CBSNews,Tue Jul 31 20:34:35 +0000 2018,"Wraps and salads sold at Kroger, Trader Joe's recalled due to parasite concern https://t.co/iEWaEQyPPj https://t.co/vORW4KH0Mg",0.0,0.0,1.0,0.0
146,CBSNews,Tue Jul 31 20:19:54 +0000 2018,All police operations have been suspended in a North Carolina town in the aftermath of public corruption charges le‚Ä¶ https://t.co/3JgRqncgvt,-0.6369,0.0,0.766,0.234
147,CBSNews,Tue Jul 31 20:04:51 +0000 2018,The United Nations says thousands of people are fleeing political violence and rights violations in Nicaragua after‚Ä¶ https://t.co/QV8wWPZ2cP,-0.6908,0.111,0.593,0.296
148,CBSNews,Tue Jul 31 19:50:47 +0000 2018,"Millennials, estimated to make up more than a third of the American workforce, are re-inventing the traditional con‚Ä¶ https://t.co/CeoEIVnY1G",0.0,0.0,1.0,0.0
149,CBSNews,Tue Jul 31 19:34:50 +0000 2018,"Despite previous praise for them, AFL-CIO President Richard Trumka says President Trump's tariffs have gone too far‚Ä¶ https://t.co/wQWMGJqAlH",0.5574,0.175,0.825,0.0
150,CBSNews,Tue Jul 31 19:20:42 +0000 2018,"Leslie Jones says targeting comedians for their inappropriate comments is ""just so dumb"" https://t.co/FeKzoI3AhY https://t.co/oaJzndkr0Q",-0.4663,0.113,0.669,0.218
151,CBSNews,Tue Jul 31 19:04:34 +0000 2018,RT @CBSThisMorning: WATCH: The gospel choir (@TheKingdomChoir) that performed at the #RoyalWedding of Prince Harry and Meghan Markle is cel‚Ä¶,0.0,0.0,1.0,0.0
152,CBSNews,Tue Jul 31 19:00:36 +0000 2018,More than a dozen dogs threatened by California's Carr Fire have been rescued by a neighboring shelter:‚Ä¶ https://t.co/lryrbBSlSh,-0.3818,0.132,0.613,0.255
153,CBSNews,Tue Jul 31 18:44:32 +0000 2018,"Dwayne ""The Rock"" Johnson surprises stunt double with major gift, bringing the man to tears https://t.co/kbNp1PHMO5 https://t.co/JHwYRZY5yl",0.4404,0.232,0.676,0.092
154,CBSNews,Tue Jul 31 18:30:28 +0000 2018,WATCH: This Boy Scout ate bugs and tree bark after getting lost in the woods. Rescuers say his survival tactics hel‚Ä¶ https://t.co/54ebxY2ZHY,-0.3182,0.0,0.901,0.099
155,CBSNews,Tue Jul 31 18:14:55 +0000 2018,"Young cancer patient goes viral with ""In My Feelings"" dance video https://t.co/27CN4UTE8p https://t.co/rs4EkGkroF",-0.6597,0.0,0.732,0.268
156,CBSNews,Tue Jul 31 18:00:30 +0000 2018,"As President Donald Trump heads to Florida for a campaign rally, what's on the minds of voters there?‚Ä¶ https://t.co/L7hKVm9DXy",0.0,0.0,1.0,0.0
157,CBSNews,Tue Jul 31 17:45:00 +0000 2018,Earth's largest colony of king penguins falls by nearly 90 percent https://t.co/BFIRKUbHj1 https://t.co/6XjI4hwsyJ,0.0,0.0,1.0,0.0
158,CBSNews,Tue Jul 31 17:43:25 +0000 2018,"RT @DavidBegnaud: I will interview the Governor of Puerto Rico, @ricardorossello, at 4:30pmET, today. 
We will stream it live on 
Facebook,‚Ä¶",0.0,0.0,1.0,0.0
159,CBSNews,Tue Jul 31 17:29:49 +0000 2018,Facebook detects a coordinated influence operation ahead of the 2018 midterm elections. https://t.co/TpCCc7GHhT https://t.co/0upeLcRXkE,0.0,0.0,1.0,0.0
160,CBSNews,Tue Jul 31 17:14:35 +0000 2018,Chipotle Mexican Grill closes restaurant after customer illnesses in Ohio https://t.co/O3mS3JnFc1 https://t.co/1GMfMu6Q1B,-0.4939,0.0,0.775,0.225
161,CBSNews,Tue Jul 31 17:00:12 +0000 2018,ROAD RAGE: A woman filmed two men fighting on the side of a Texas highway. Now her video -- and her commentary -- i‚Ä¶ https://t.co/XbdUCxqAgn,-0.7804,0.0,0.755,0.245
162,CBSNews,Tue Jul 31 16:44:49 +0000 2018,"Smoking banned in public housing nationwide, effective today https://t.co/46iTkZb4j0 https://t.co/WNXF807BNZ",0.0258,0.22,0.567,0.213
163,CBSNews,Tue Jul 31 16:30:01 +0000 2018,Boy Scout survives on bugs and bark for nearly 37 hours alone in Wyoming wilderness https://t.co/vRxwpm4iJW https://t.co/04dHn97xXR,-0.25,0.0,0.889,0.111
164,CBSNews,Tue Jul 31 16:14:41 +0000 2018,Paul Manafort trial on bank fraud begins. Follow here for live updates: https://t.co/oM8IxRAgDK https://t.co/54It5YqBdb,-0.5859,0.0,0.774,0.226
165,CBSNews,Tue Jul 31 16:00:25 +0000 2018,SHARK-NAPPER: Video shows a man steal a shark from a Texas aquarium tank and disguise it as a baby in a stroller to‚Ä¶ https://t.co/9ODcur0uki,-0.6369,0.0,0.766,0.234
166,CBSNews,Tue Jul 31 15:44:38 +0000 2018,"Turkey shrugs off threat from President Trump, rejects U.S. pastor Andrew Brunson's appeal https://t.co/Q9CrQl9eEz https://t.co/d2i1clcTBF",-0.765,0.0,0.663,0.337
167,CBSNews,Tue Jul 31 15:29:40 +0000 2018,"""If you act out your dreams, there's a good chance that might be a very early symptom... where nothing else shows,""‚Ä¶ https://t.co/3QlTBYSu1l",0.765,0.309,0.691,0.0
168,CBSNews,Tue Jul 31 15:14:51 +0000 2018,"Senate panel holds hearing on ICE, family separation at border. Follow here for live updates:‚Ä¶ https://t.co/T8FRGajPEN",0.0,0.0,1.0,0.0
169,CBSNews,Tue Jul 31 14:59:38 +0000 2018,Guy Fieri serving up a red-hot good deed: Barbecuing for hundreds of California wildfire evacuees‚Ä¶ https://t.co/WDC1CKtXmj,0.4404,0.172,0.828,0.0
170,CBSNews,Tue Jul 31 14:44:49 +0000 2018,"Levi's and Yelp join ""Open for All"" anti-bias coalition, a message they hope will bring in customers‚Ä¶ https://t.co/Mmc2dKMv6i",0.6249,0.254,0.746,0.0
171,CBSNews,Tue Jul 31 14:29:45 +0000 2018,Europe's economic upswing slowed further in the second quarter amid concerns over global trade disputes that have s‚Ä¶ https://t.co/8Q8WXq19xC,-0.2732,0.0,0.896,0.104
172,CBSNews,Tue Jul 31 14:14:45 +0000 2018,Pig abuse is just part of the problem on pork farms https://t.co/Eitw8sIFxy https://t.co/Li09Ptw12N,-0.7845,0.0,0.615,0.385
173,CBSNews,Tue Jul 31 14:00:36 +0000 2018,"""To be immobilized by fear &amp; think the worst thing has happened you -- it hasn't happened to you. You still have th‚Ä¶ https://t.co/OXuVfPYJM0",-0.8591,0.0,0.689,0.311
174,CBSNews,Tue Jul 31 13:45:52 +0000 2018,"President Trump slams billionaire conservative Koch brothers as ""total joke"" in GOP https://t.co/NUbUiENog1 https://t.co/y1yad1G1yb",0.296,0.145,0.855,0.0
175,CBSNews,Tue Jul 31 13:29:56 +0000 2018,U.S. military boosts troop security after deadly Niger ambush https://t.co/u6AJx5ziLZ https://t.co/en94PvrBQQ,0.5719,0.343,0.657,0.0
176,CBSNews,Tue Jul 31 13:15:26 +0000 2018,"Do you recognize this man? NYPD is looking for the man who poured fuel over a gas station and lit it on fire, ignit‚Ä¶ https://t.co/wfkVJpwXtf",-0.34,0.0,0.906,0.094
177,CBSNews,Tue Jul 31 13:14:31 +0000 2018,"U.S. intelligence agencies have found that North Korea is building new missiles, according to a new report:‚Ä¶ https://t.co/vVlysAczpz",0.4767,0.162,0.838,0.0
178,CBSNews,Tue Jul 31 12:59:59 +0000 2018,"Four Florida paramedics, accused of refusing to care for a patient and racially profiling her, will face a discipli‚Ä¶ https://t.co/AqwCJajF77",-0.1779,0.139,0.649,0.212
179,CBSNews,Tue Jul 31 12:39:32 +0000 2018,"California remains under siege as fast-moving wildfires continue to threaten more than 14,000 buildings in the nort‚Ä¶ https://t.co/tt7F1AMs9j",-0.3818,0.0,0.867,0.133
180,CBSNews,Tue Jul 31 12:30:41 +0000 2018,"RT @CBSThisMorning: ""I asked for a scan because I thought I may have it... I didn't have any symptoms,""  Actor @AlanAlda says after reveali‚Ä¶",0.0,0.0,1.0,0.0
181,CBSNews,Tue Jul 31 12:21:25 +0000 2018,NEW: Actor @AlanAlda just revealed he has Parkinson's disease. The award-winning actor says he was diagnosed with t‚Ä¶ https://t.co/9YqyG6rl2k,0.0,0.0,1.0,0.0
182,CBSNews,Tue Jul 31 12:19:54 +0000 2018,RT @CBSThisMorning: NEW: Actor @AlanAlda just revealed he has Parkinson's disease. The award-winning actor says he was diagnosed with the d‚Ä¶,0.0,0.0,1.0,0.0
183,CBSNews,Tue Jul 31 12:19:48 +0000 2018,"ISIS claims responsibility for an attack in Tajikistan that left four cycle tourists, including two Americans, dead‚Ä¶ https://t.co/QahGPXNfV8",-0.4767,0.0,0.846,0.154
184,CBSNews,Tue Jul 31 12:00:23 +0000 2018,"WATCH: The Rock surprises his long-time stunt double with a major gift, bringing the man to tears https://t.co/6HHX7NxsIq",0.4404,0.232,0.676,0.092
185,CBSNews,Tue Jul 31 11:39:55 +0000 2018,An Iraqi former translator for U.S. troops is finally becoming a U.S. citizen a year after officials abruptly remov‚Ä¶ https://t.co/RMBWMPvhSk,0.0,0.0,1.0,0.0
186,CBSNews,Tue Jul 31 11:21:16 +0000 2018,RT @CBSThisMorning: The Washington Post reports North Korea appears to be building new ballistic missiles. Unnamed U.S. officials tell the‚Ä¶,0.0,0.0,1.0,0.0
187,CBSNews,Tue Jul 31 11:20:01 +0000 2018,The next writer to take a close look at the Trump presidency: Bob Woodward https://t.co/v2OS0n6VGv https://t.co/2odrtiNMwN,0.0,0.0,1.0,0.0
188,CBSNews,Tue Jul 31 11:13:12 +0000 2018,RT @CBSThisMorning: President Trump's former campaign chairman Paul Manafort will be in court today for the beginning of his high stakes cr‚Ä¶,0.0,0.0,1.0,0.0
189,CBSNews,Tue Jul 31 11:00:23 +0000 2018,The long-awaited trial of former Trump campaign chairman Paul Manafort is set to begin Tuesday. Here's everything y‚Ä¶ https://t.co/vCoTeIqnWH,0.0,0.0,1.0,0.0
190,CBSNews,Tue Jul 31 10:59:31 +0000 2018,Two California residents are suing a state senator for blocking them from a social media account:‚Ä¶ https://t.co/Qz8dv40jX9,-0.5719,0.0,0.734,0.266
191,CBSNews,Tue Jul 31 10:44:32 +0000 2018,COMING UP: @CBSThisMorning is in Northern California where the fast-moving flames are threatening highly-populated‚Ä¶ https://t.co/V5mkoMHXKs,-0.5267,0.0,0.805,0.195
192,CBSNews,Tue Jul 31 10:40:00 +0000 2018,"As Trump and Putin weigh another face-to-face meeting, lawmakers in both parties ‚Äî particularly in the Senate ‚Äî app‚Ä¶ https://t.co/wmqd8byGVk",0.4019,0.137,0.863,0.0
193,CBSNews,Tue Jul 31 10:37:15 +0000 2018,RT @CBSThisMorning: Here's what we're working on this morning: https://t.co/FZIhHIhV4x,0.0,0.0,1.0,0.0
194,CBSNews,Tue Jul 31 10:37:05 +0000 2018,AHEAD on @CBSThisMorning: Actor @AlanAlda will be in Studio 57. He asked to appear on our broadcast to make a perso‚Ä¶ https://t.co/qHpquTMZfH,0.0,0.0,1.0,0.0
195,CBSNews,Tue Jul 31 10:31:39 +0000 2018,"RT @CBSThisMorning: THIS MORNING:
üîú@PaulaReidCBS  with what you need to know on Manafort trial
üîú@cbsmireya  has the latest on the Californi‚Ä¶",0.0,0.0,1.0,0.0
196,CBSNews,Tue Jul 31 10:19:55 +0000 2018,"Publix says dogs aren't allowed in store shopping carts, including service animals https://t.co/xjaQ9iH6yZ https://t.co/rtnnytfBXk",0.0,0.0,1.0,0.0
197,CBSNews,Tue Jul 31 10:10:20 +0000 2018,Which tech companies have the most workers who feel overpaid? https://t.co/zz7STCd0aT https://t.co/f1sIVBig0l,0.0,0.0,1.0,0.0
198,CBSNews,Tue Jul 31 10:03:05 +0000 2018,"""Sinking coffins"": Lawsuit seeks $100 million for duck boat victims https://t.co/USYoij0Wy0 https://t.co/q7NBREGZBY",-0.4939,0.0,0.704,0.296
199,CBSNews,Tue Jul 31 10:02:53 +0000 2018,"More Americans are forced to ""reside"" in their vehicles https://t.co/o36frw9xLs https://t.co/draz1dOUAm",-0.5046,0.0,0.754,0.246
200,CNN,Wed Aug 01 05:24:03 +0000 2018,Jennifer Lopez will receive The Michael Jackson Video Vanguard Award at the MTV Video Music Awards next month‚Ä¶ https://t.co/lUzRsSVFEN,0.7579,0.277,0.723,0.0
201,CNN,Wed Aug 01 05:16:06 +0000 2018,Department of Homeland Security Secretary Kirstjen Nielsen announces new efforts to defend against cyberattacks‚Ä¶ https://t.co/zIlJJ0LJ5Y,0.34,0.146,0.854,0.0
202,CNN,Wed Aug 01 05:16:00 +0000 2018,"Wearing rubber boots and a red dress, 2-year-old Gracie Lutz thanked her local responders by delivering warm burrit‚Ä¶ https://t.co/9yyHANqih4",0.5859,0.231,0.769,0.0
203,CNN,Wed Aug 01 05:13:08 +0000 2018,Huawei has Apple to become the world's second largest smartphone seller https://t.co/u0pJ54w17d,0.0,0.0,1.0,0.0
204,CNN,Wed Aug 01 05:09:05 +0000 2018,MoviePass is raising its price and cutting access to blockbusters https://t.co/7JaOadwDx0,-0.128,0.0,0.87,0.13
205,CNN,Wed Aug 01 05:01:07 +0000 2018,The town of Blandford in western Massachusetts has been left without a police force after all four officers resigned https://t.co/va2Fo4sNBX,-0.25,0.0,0.9,0.1
206,CNN,Wed Aug 01 05:01:06 +0000 2018,A man cheated with someone else's wife and now it'll cost him $8.8 million https://t.co/A80lr5DeK6,-0.5106,0.0,0.798,0.202
207,CNN,Wed Aug 01 04:54:06 +0000 2018,Americans invested a lot more money overseas in 2017. Especially in Switzerland. https://t.co/tdg5kXxMtz https://t.co/cIg16CzsbE,0.0,0.0,1.0,0.0
208,CNN,Wed Aug 01 04:48:35 +0000 2018,"Health alert issued for more than two dozen salad and wrap products available in Kroger, Trader Joe's &amp; Walgreens o‚Ä¶ https://t.co/AWwNKbT3N2",0.296,0.099,0.901,0.0
209,CNN,Wed Aug 01 04:47:07 +0000 2018,Judge orders government to stop drugging detained migrant children without consent at Texas facility https://t.co/3TNYDQdaXw,-0.6774,0.0,0.646,0.354
210,CNN,Wed Aug 01 04:46:00 +0000 2018,"For the first time ever, Barbie is wearing a hijab. The new doll is modeled after Olympic fencer Ibtihaj Muhammad a‚Ä¶ https://t.co/BTuLpGLvdA",0.0,0.0,1.0,0.0
211,CNN,Wed Aug 01 04:40:02 +0000 2018,"Facebook says it has removed a network of accounts and pages involved in what it called ""coordinated inauthentic be‚Ä¶ https://t.co/jl9cZ5XkZu",0.0,0.0,1.0,0.0
212,CNN,Wed Aug 01 04:33:05 +0000 2018,Police are investigating a South Korean company that claimed to have discovered a sunken Russian warship with $8.9‚Ä¶ https://t.co/nNH0YVUj4u,-0.1779,0.0,0.904,0.096
213,CNN,Wed Aug 01 04:26:02 +0000 2018,"The company that just unveiled a $2 million electric car makes one for $11,000, too https://t.co/Tlw4UhMgNi",0.0,0.0,1.0,0.0
214,CNN,Wed Aug 01 04:19:03 +0000 2018,How President Trump's abortion gag rule policy impacts the global AIDS crisis https://t.co/uAaFU1Orgh https://t.co/QYXB3AzJLT,-0.7579,0.0,0.649,0.351
215,CNN,Wed Aug 01 04:16:00 +0000 2018,A 10-year-old named Clark Kent just beat a record that Michael Phelps held for 23 years https://t.co/h8fec1Vh3S https://t.co/tJ3oy093AM,0.0,0.0,1.0,0.0
216,CNN,Wed Aug 01 04:14:44 +0000 2018,Their meningitis symptoms had an unusual cause: A rat lungworm infection from eating raw centipedes https://t.co/TsjMPqT3Vo,0.0,0.0,1.0,0.0
217,CNN,Wed Aug 01 04:11:05 +0000 2018,Alan Alda reveals he has Parkinson's disease https://t.co/hZMiud3dko https://t.co/mYISgDKqWp,0.0,0.0,1.0,0.0
218,CNN,Wed Aug 01 04:04:04 +0000 2018,France has banned smartphones from schools https://t.co/B28nptFF83 https://t.co/sloZcxUUqB,-0.4588,0.0,0.7,0.3
219,CNN,Wed Aug 01 04:01:00 +0000 2018,From free uniforms and transportation to college tuition guaranteed for all graduates. LeBron James takes CNN's Don‚Ä¶ https://t.co/XLg5ZGpqMB,0.5106,0.163,0.837,0.0
220,CNN,Wed Aug 01 03:57:04 +0000 2018,"This $8.2 million mansion and its four acres of land could be yours for just $17. Of course, there's a catch: You'l‚Ä¶ https://t.co/Z2lSMeQpS2",0.0,0.0,1.0,0.0
221,CNN,Wed Aug 01 03:50:08 +0000 2018,"Zaatari Refugee Camp is no longer the desolate, foreboding place it once was. Residents have transformed it into a‚Ä¶ https://t.co/lqEYZFhQMH",-0.296,0.0,0.896,0.104
222,CNN,Wed Aug 01 03:46:06 +0000 2018,New EPA rule would force people to choose between privacy and health | By Devon Hall via @CNNOpinion‚Ä¶ https://t.co/EpP7WUDnj9,0.0,0.0,1.0,0.0
223,CNN,Wed Aug 01 03:43:02 +0000 2018,Airport security might be about to get a lot easier https://t.co/1DF1ilfob1,0.6369,0.394,0.606,0.0
224,CNN,Wed Aug 01 03:37:05 +0000 2018,"A Florida woman says ambulance workers wouldn't take her daughter to the hospital, assuming the family couldn't aff‚Ä¶ https://t.co/hxgyse9nZ5",0.0,0.0,1.0,0.0
225,CNN,Wed Aug 01 03:31:03 +0000 2018,This app works like Tinder -- for female friendships https://t.co/xkc3P6rjjC https://t.co/2FHDHWqCBs,0.6249,0.362,0.638,0.0
226,CNN,Wed Aug 01 03:30:05 +0000 2018,A 7-year-old girl got New Zealand to change a sexist road sign https://t.co/0UZB250suQ https://t.co/EOe0aEJlym,0.0,0.0,1.0,0.0
227,CNN,Wed Aug 01 03:23:03 +0000 2018,The world's largest colony of king penguins has shrunk by almost 90% in the last three decades‚Ä¶ https://t.co/XbnDShwyaT,0.0,0.0,1.0,0.0
228,CNN,Wed Aug 01 03:16:07 +0000 2018,How Mormon pop stars are using their music to support LGBT issues https://t.co/LG2jYRAsF2 https://t.co/jOSCMJ9S8F,0.4019,0.172,0.828,0.0
229,CNN,Wed Aug 01 03:09:41 +0000 2018,"Scientists have discovered a rare dolphin-whale hybrid off the coast of Kauai, Hawaii https://t.co/k0rfVTn2sw https://t.co/GHYWRMi7U9",0.0,0.0,1.0,0.0
230,CNN,Wed Aug 01 03:01:05 +0000 2018,"""Maybe the reason collusion isn't a crime is, in large part, because that word is not in the federal code book and‚Ä¶ https://t.co/LQacNCjjSv",0.431,0.119,0.881,0.0
231,CNN,Wed Aug 01 02:59:15 +0000 2018,North Korea provided only a single dog tag to help identify the 55 cases of remains that were given to US officials‚Ä¶ https://t.co/HNvMhore0u,0.4019,0.114,0.886,0.0
232,CNN,Wed Aug 01 02:58:08 +0000 2018,"RT @CuomoPrimeTime: CNN's @ChrisCuomo says the Trump administration knew it was heading down a ""reckless path of inhumanity"" when they impl‚Ä¶",-0.4019,0.0,0.876,0.124
233,CNN,Wed Aug 01 02:57:59 +0000 2018,"RT @CuomoPrimeTime: ""What we're looking at is protecting Second Amendment rights in the future by using First Amendment rights to do so."" -‚Ä¶",0.0,0.0,1.0,0.0
234,CNN,Wed Aug 01 02:46:06 +0000 2018,The disappearing White House press briefing | Analysis by @CillizzaCNN https://t.co/uMhLw1e9LL https://t.co/NWLMqFlEhb,0.0,0.0,1.0,0.0
235,CNN,Wed Aug 01 02:44:29 +0000 2018,Subscription service MoviePass is raising the price of its standard plan from $10 to $14.95 per month. Is it too li‚Ä¶ https://t.co/jwJVGH7qyb,0.0,0.0,1.0,0.0
236,CNN,Wed Aug 01 02:32:40 +0000 2018,"RT @CuomoPrimeTime: ""Collusion is not a crime. Sure, by name. But the behavior of collusion can get you in a lot of deep water."" - CNN's @C‚Ä¶",0.2235,0.106,0.821,0.073
237,CNN,Wed Aug 01 02:30:00 +0000 2018,Texans can now hitch a ride in this self-driving car as part of a pilot ride-sharing program https://t.co/dt3rPGumBX https://t.co/5UdKqPNGMl,0.0,0.0,1.0,0.0
238,CNN,Wed Aug 01 02:16:00 +0000 2018,Blumenthal on hearing testimony about child separations: One career official said it was the result of a deliberate‚Ä¶ https://t.co/XNA8OWZxgj,0.0,0.0,1.0,0.0
239,CNN,Wed Aug 01 02:01:08 +0000 2018,"""There is an unexplainable amount of grief in our city, but also an unexplainable amount of love."" In the midst of‚Ä¶ https://t.co/S4RbQJqQnJ",-0.2732,0.0,0.909,0.091
240,CNN,Wed Aug 01 01:51:56 +0000 2018,"Dwayne ""The Rock"" Johnson surprised his cousin and longtime stunt double, Tanaoi Reed, with a gift that brought him‚Ä¶ https://t.co/H0v3mpXlaF",0.5859,0.22,0.78,0.0
241,CNN,Wed Aug 01 01:42:17 +0000 2018,"Move over Macron, there's a new bromance at the White House | By Nic Robertson via @CNNOpinion‚Ä¶ https://t.co/7DeM6HJtsh",0.0,0.0,1.0,0.0
242,CNN,Wed Aug 01 01:39:29 +0000 2018,"RT @CuomoPrimeTime: ""While I'm not using the specific word, 'collusion.' I will remind you, what the whole Mueller investigation is about i‚Ä¶",0.0,0.0,1.0,0.0
243,CNN,Wed Aug 01 01:36:45 +0000 2018,The Trump Tower meeting: A timeline https://t.co/eb7w6RWAXR https://t.co/sIbEtLDz2k,0.0,0.0,1.0,0.0
244,CNN,Wed Aug 01 01:29:55 +0000 2018,"A child's brain repaired itself after a full third of the right hemisphere was surgically removed, rewiring itself‚Ä¶ https://t.co/dzNiE8u66k",0.0,0.0,1.0,0.0
245,CNN,Wed Aug 01 01:25:58 +0000 2018,Trump isn't everything in the midterms. Local factors will matter too | Analysis by CNN's Harry Enten‚Ä¶ https://t.co/g9lWZqu5so,0.0258,0.064,0.936,0.0
246,CNN,Wed Aug 01 01:17:37 +0000 2018,Here are key takeaways from day one of the Paul Manafort trial https://t.co/n0inEPvxnH https://t.co/pm600uuGfi,0.0,0.0,1.0,0.0
247,CNN,Wed Aug 01 01:16:52 +0000 2018,"RT @AC360: ""Trump is a brilliant entertainer ... by allowing ourselves to be constantly entertained, we lose sight of fundamental ethics, v‚Ä¶",0.7506,0.316,0.59,0.094
248,CNN,Wed Aug 01 01:14:38 +0000 2018,When Sen. Richard Blumenthal asked several Trump administration officials whether they thought the ‚Äúzero tolerance‚Äù‚Ä¶ https://t.co/50wFS1nasU,0.0,0.0,1.0,0.0
249,CNN,Wed Aug 01 01:04:57 +0000 2018,"RT @AC360: ""If anyone posts this information online, they are in violation of federal law"" - Attorney General Bob Ferguson, who sued the Tr‚Ä¶",-0.4939,0.0,0.873,0.127
250,CNN,Wed Aug 01 01:03:41 +0000 2018,"The Trump administration plans to raise pending tariffs on $200 billion in Chinese goods to 25% from 10%, a source‚Ä¶ https://t.co/iLLOium53G",0.0,0.0,1.0,0.0
251,CNN,Wed Aug 01 00:53:55 +0000 2018,"RT @AC360: They ""weren't particularly close ... these were not two men who could grab dinner, would grab lunches."" - Fmr. Trump strategist‚Ä¶",0.0,0.0,1.0,0.0
252,CNN,Wed Aug 01 00:53:28 +0000 2018,"President Trump says American farmers getting hit by tariffs ""can take it,"" speaking to a crowd at a Florida rally‚Ä¶ https://t.co/SO418uYC3R",0.0,0.0,1.0,0.0
253,CNN,Wed Aug 01 00:41:03 +0000 2018,"President Trump, telling his supporters why he wanted Americans to be required to show identification before castin‚Ä¶ https://t.co/5e90v248vj",0.4404,0.146,0.854,0.0
254,CNN,Wed Aug 01 00:22:50 +0000 2018,"President Donald Trump riffed on acting presidential and Abe Lincoln during a campaign rally in Tampa, Florida‚Ä¶ https://t.co/TZVX5OKf2y",0.0,0.0,1.0,0.0
255,CNN,Tue Jul 31 23:57:35 +0000 2018,"President Trump says American farmers getting hit by tariffs ""can take it,"" speaking to a crowd at a Florida rally‚Ä¶ https://t.co/zszzQGTahK",0.0,0.0,1.0,0.0
256,CNN,Tue Jul 31 23:43:07 +0000 2018,The founder of a website containing plans for 3D-printable guns says downloads are disabled until he sees a federal‚Ä¶ https://t.co/dsd2L0AJWN,0.0,0.0,1.0,0.0
257,CNN,Tue Jul 31 23:37:40 +0000 2018,"RT @OutFrontCNN: ""Even if he cooperated with authorities he was still looking at a very substantial amount of time...at his age, he may hav‚Ä¶",0.2716,0.087,0.913,0.0
258,CNN,Tue Jul 31 23:35:18 +0000 2018,BREAKING: A federal judge just issued a temporary restraining order blocking the government from allowing the distr‚Ä¶ https://t.co/3P5bJY54kM,-0.3818,0.0,0.852,0.148
259,CNN,Tue Jul 31 23:31:06 +0000 2018,"Why men get the ""glamour work"" assignments more than women https://t.co/usAlbJlz8A https://t.co/YyDAp8tmk5",0.5267,0.236,0.764,0.0
260,CNN,Tue Jul 31 23:14:01 +0000 2018,"President Trump holds a ""Make America Great Again"" rally in Tampa, Florida. Watch live: https://t.co/YsWrL0CzbD

Fo‚Ä¶ https://t.co/Ird84SvDoB",0.6249,0.215,0.785,0.0
261,CNN,Tue Jul 31 23:11:05 +0000 2018,North Korea provided only a single dog tag to help identify the 55 cases of remains that were given to US officials‚Ä¶ https://t.co/YpWBFVQDEc,0.4019,0.114,0.886,0.0
262,CNN,Tue Jul 31 23:01:05 +0000 2018,The secret Donald Trump and Rudy Giuliani know about the Russia probe | Analysis by @CillizzaCNN‚Ä¶ https://t.co/8Xv3BAsl9w,0.0,0.0,1.0,0.0
263,CNN,Tue Jul 31 22:52:16 +0000 2018,"This new book about Ferrari will cost up to $30,000 and be limited to only 1,947 copies -- celebrating Ferrari's fo‚Ä¶ https://t.co/iB9b2eno8M",0.4215,0.145,0.781,0.074
264,CNN,Tue Jul 31 22:49:22 +0000 2018,RT @CNNSitRoom: Blumenthal on hearing testimony about the child separations: One career official said that it was the result of a deliberat‚Ä¶,0.0,0.0,1.0,0.0
265,CNN,Tue Jul 31 22:48:26 +0000 2018,"After months of turmoil and speculation, MoviePass appears to be on its last legs. 

So what's next for the service‚Ä¶ https://t.co/UnqOqxQbFL",-0.3612,0.0,0.889,0.111
266,CNN,Tue Jul 31 22:45:14 +0000 2018,"There are no deaths from the Aeromexico plane accident, the governor of the state of Durango says. There were 101 p‚Ä¶ https://t.co/QiqGHEAAoH",-0.6486,0.0,0.791,0.209
267,CNN,Tue Jul 31 22:42:19 +0000 2018,"In private, Supreme Court nominee Brett Kavanaugh hints at views on Mueller https://t.co/28zxPh7Kqm https://t.co/5GFm4SoE4I",0.5574,0.217,0.783,0.0
268,CNN,Tue Jul 31 22:35:57 +0000 2018,Parkland shooting survivor @davidhogg111 joins @andersoncooper on #fullcircle tonight to talk 3D guns. Join us on F‚Ä¶ https://t.co/6dac8fQwQt,0.5719,0.227,0.773,0.0
269,CNN,Tue Jul 31 22:33:07 +0000 2018,"LIVE NOW: Anderson Cooper Full Circle, a daily interactive news show airing on Facebook Watch‚Ä¶ https://t.co/jyWyPniMHR",0.0,0.0,1.0,0.0
270,CNN,Tue Jul 31 22:28:34 +0000 2018,EXCLUSIVE: Special counsel Robert Mueller refers foreign agent inquiries to New York prosecutors‚Ä¶ https://t.co/pIYWo36OkS,0.6037,0.291,0.709,0.0
271,CNN,Tue Jul 31 22:26:55 +0000 2018,"RT @CNNSitRoom: ‚ÄúThere is mounting evidence that Donald Trump Jr. misled, or even more likely, perjured himself before our committee,‚Äù Sen.‚Ä¶",0.0,0.0,1.0,0.0
272,CNN,Tue Jul 31 22:26:04 +0000 2018,Apple earnings beat expectations. The company‚Äôs profit jumped 32% to $11.5 billion despite essentially selling the‚Ä¶ https://t.co/D1cpzhcFOj,0.4404,0.153,0.847,0.0
273,CNN,Tue Jul 31 22:13:34 +0000 2018,"RT @CNNSitRoom: Democratic Sen. Chris Van Hollen says he does not believe the US government ""is doing enough"" to counter Russian interferen‚Ä¶",0.0,0.0,1.0,0.0
274,CNN,Tue Jul 31 22:09:47 +0000 2018,"BREAKING: Mexican official calls for emergency response as Aeromexico reports plane accident in Durango, more than‚Ä¶ https://t.co/znBVhbIC3V",-0.6908,0.0,0.725,0.275
275,CNN,Tue Jul 31 21:53:04 +0000 2018,Car manufacturers seek tech solutions to hot car deaths https://t.co/ofjRGqAWLw https://t.co/v8YIQ1jB9Z,0.1779,0.145,0.855,0.0
276,CNN,Tue Jul 31 21:43:04 +0000 2018,"For these victims of ISIS, the conflict isn't over | By Gayle Tzemach Lemmon via @CNNOpinion https://t.co/TbVtmxNsa5 https://t.co/3hQFPXWBAW",-0.5574,0.0,0.765,0.235
277,CNN,Tue Jul 31 21:39:06 +0000 2018,"RT @CNNSitRoom: Facebook says it has removed a network of accounts and pages involved in what it called ""coordinated inauthentic behavior""‚Ä¶",0.0,0.0,1.0,0.0
278,CNN,Tue Jul 31 21:38:48 +0000 2018,"Wearing rubber boots and a red dress, 2-year-old Gracie Lutz thanked her local responders by delivering warm burrit‚Ä¶ https://t.co/ijGvQdq47f",0.5859,0.231,0.769,0.0
279,CNN,Tue Jul 31 21:32:18 +0000 2018,"As she picks up the pieces of her life, a Carr Fire victim begins with the most basic of items: a pencil‚Ä¶ https://t.co/AHIkUs5Ys7",-0.5423,0.0,0.809,0.191
280,CNN,Tue Jul 31 21:23:45 +0000 2018,RT @CNNPolitics: The first witness takes the stand in the Paul Manafort trial https://t.co/7t0AikXjfB https://t.co/VSYzLFfN7a,0.0,0.0,1.0,0.0
281,CNN,Tue Jul 31 21:16:32 +0000 2018,Democrats' hopes of winning in the South hinge on the suburbs | Analysis by CNN's Ronald Brownstein‚Ä¶ https://t.co/z8cfVAaxFW,0.7351,0.292,0.708,0.0
282,CNN,Tue Jul 31 21:05:41 +0000 2018,"RT @CNNTonight: LeBron James (@KingJames): The fatal shooting of 17-year-old Trayvon Martin ""hit a switch for me. From that point on, I kne‚Ä¶",-0.5423,0.0,0.851,0.149
283,CNN,Tue Jul 31 21:03:43 +0000 2018,"Apple says it posted $11.5 billion profit for the three months ending in June, up 32% from the same period a year a‚Ä¶ https://t.co/eoiZixWKsI",0.4404,0.116,0.884,0.0
284,CNN,Tue Jul 31 21:01:50 +0000 2018,"RT @TheLeadCNN: Facebook says it has removed a network of accounts and pages involved in what it called ""coordinated inauthentic behavior""‚Ä¶",0.0,0.0,1.0,0.0
285,CNN,Tue Jul 31 21:01:08 +0000 2018,"A top immigration official said family detention centers are ""more like summer camp"" than a jail during a congressi‚Ä¶ https://t.co/HeuipDfnZp",0.2716,0.218,0.664,0.119
286,CNN,Tue Jul 31 20:54:24 +0000 2018,One of Australia's largest hotel chains has been fined $2.2 million for trying to prevent negative TripAdvisor revi‚Ä¶ https://t.co/NM1lrxBPka,-0.5574,0.05,0.78,0.17
287,CNN,Tue Jul 31 20:52:22 +0000 2018,"This mother's terrifying journey should be over, but it's not | By Clara Long via @CNNOpinion https://t.co/uKPH2TmO5a",-0.3291,0.0,0.865,0.135
288,CNN,Tue Jul 31 20:45:49 +0000 2018,The NBA becomes the first American pro league to strike a deal with a casino and sports book operator‚Ä¶ https://t.co/3tzfSSZZXT,-0.128,0.0,0.919,0.081
289,CNN,Tue Jul 31 20:45:03 +0000 2018,"RT @CNNMoney: Dow gains 108 points, capping best month since January. The index jumped 4.7% in July, while the S&amp;P 500 advanced 3.6%. Chipo‚Ä¶",0.8225,0.291,0.709,0.0
290,CNN,Tue Jul 31 20:33:24 +0000 2018,"RT @CNNnewsroom: ""People generally don't like government shutdowns, so if you're thinking about it, how about after the election?"" @GloriaB‚Ä¶",-0.2755,0.0,0.9,0.1
291,CNN,Tue Jul 31 20:31:32 +0000 2018,"In opening statements for the defense, Paul Manafort's defense attorney laid out the bare bones of his side of the‚Ä¶ https://t.co/clIUP2D05P",0.25,0.136,0.864,0.0
292,CNN,Tue Jul 31 20:21:58 +0000 2018,"When CNN asked LeBron James if he would ever run for office, at first he said, ‚ÄúI don‚Äôt think so.‚Äù But when pressed‚Ä¶ https://t.co/PRZP6rylzh",0.0,0.0,1.0,0.0
293,CNN,Tue Jul 31 20:06:27 +0000 2018,"To demonstrate former Trump campaign chairman Paul Manafort's lavish spending habits, Uzo Asonye, a prosecutor work‚Ä¶ https://t.co/EAC9Gdcbyo",0.0,0.0,1.0,0.0
294,CNN,Tue Jul 31 19:58:10 +0000 2018,"In opening statements, prosecutors painted former Trump campaign chairman Paul Manafort as a ""shrewd"" liar who orch‚Ä¶ https://t.co/oIYuC3dO40",-0.5106,0.0,0.829,0.171
295,CNN,Tue Jul 31 19:50:52 +0000 2018,The $4.5 trillion experiment that's rattling markets https://t.co/A74OkDANA3 https://t.co/1N7dhKagWL,0.0,0.0,1.0,0.0
296,CNN,Tue Jul 31 19:39:20 +0000 2018,RT @AC360: Parkland shooting survivor @davidhogg111 joins @AndersonCooper on #fullcircle tonight to talk 3D guns. Join us at 6.25pET on Fac‚Ä¶,0.5719,0.198,0.802,0.0
297,CNN,Tue Jul 31 19:35:06 +0000 2018,An online college textbook says Holocaust victims failed to tap into their strength. It's required reading for near‚Ä¶ https://t.co/UJEgJAPfWs,-0.34,0.129,0.645,0.226
298,CNN,Tue Jul 31 19:25:07 +0000 2018,Donald Trump just made John Kelly a promise he (almost certainly) won't keep | Analysis by @CillizzaCNN‚Ä¶ https://t.co/NovxPZd4cG,0.3182,0.133,0.867,0.0
299,CNN,Tue Jul 31 19:15:46 +0000 2018,The Koch network begins to envision a future beyond its founder https://t.co/K6japTtzPK https://t.co/ta2yYMKM01,0.0,0.0,1.0,0.0
300,FoxNews,Wed Aug 01 05:23:00 +0000 2018,Democrat who resigned after masturbation allegation may be planning political comeback: report https://t.co/o29V4ZMrvT,-0.25,0.0,0.857,0.143
301,FoxNews,Wed Aug 01 05:15:00 +0000 2018,"""This country is a country of second chances. I love America.""

Alice Marie Johnson, the woman whose prison sentenc‚Ä¶ https://t.co/g5V0w6CtO0",0.4019,0.247,0.617,0.136
302,FoxNews,Wed Aug 01 05:07:00 +0000 2018,A highway patrol officer has become an internet sensation after he helped rescue a month-old fawn from a Northern C‚Ä¶ https://t.co/1qnOJ6nb7K,0.5106,0.163,0.837,0.0
303,FoxNews,Wed Aug 01 05:00:00 +0000 2018,".@POTUS: ""'Make America Great Again' only to be replaced by 'Keep America Great.'"" https://t.co/lKhHpLlyRN",0.6249,0.24,0.76,0.0
304,FoxNews,Wed Aug 01 04:53:00 +0000 2018,ICE agents accuse Oregon mayor of abetting 'Abolish ICE' protesters https://t.co/7AbfV06I4q,-0.4019,0.0,0.709,0.291
305,FoxNews,Wed Aug 01 04:45:00 +0000 2018,"Jay Sekulow: ‚ÄúThere‚Äôs no violation of law, statute, rule or regulation that we have seen after reviewing this case‚Ä¶ https://t.co/TYOi2JgB1Z",-0.6597,0.0,0.769,0.231
306,FoxNews,Wed Aug 01 04:38:00 +0000 2018,Painting of Trump team 'Crossing the Swamp' touches off social media frenzy https://t.co/mNdVGXOCYE,-0.3182,0.0,0.839,0.161
307,FoxNews,Wed Aug 01 04:30:00 +0000 2018,".@RonDeSantisFL: ""I appreciate your support, Mr. President, but I appreciate more the leadership you're showing for‚Ä¶ https://t.co/ZTvuDGVrIa",0.7391,0.358,0.642,0.0
308,FoxNews,Wed Aug 01 04:23:00 +0000 2018,".@POTUS: ""It's a lot easier to act presidential than to do what I do."" https://t.co/burknDjFPr https://t.co/Azmvqg9r6N",0.4215,0.177,0.823,0.0
309,FoxNews,Wed Aug 01 04:15:00 +0000 2018,Pittsburgh dad worked three jobs to surprise teen daughter with 'dream' dress https://t.co/GJNUiK34IE https://t.co/2FmL2faGOT,0.2732,0.139,0.861,0.0
310,FoxNews,Wed Aug 01 04:08:00 +0000 2018,"Alice Marie Johnson, the woman whose life sentence was commuted by President @realDonaldTrump last month, called Am‚Ä¶ https://t.co/ln5L04UwL1",0.0772,0.071,0.929,0.0
311,FoxNews,Wed Aug 01 04:01:00 +0000 2018,"The crowd chants 'USA!' during the ""Make America Great Again"" rally in Tampa, Florida. https://t.co/7F3cps7agK",0.6588,0.239,0.761,0.0
312,FoxNews,Wed Aug 01 03:56:46 +0000 2018,Texas mall robbery suspects ID'd as Mexican nationals in US illegally https://t.co/XNkImFZLQG https://t.co/8uU9u3dQEh,-0.34,0.0,0.833,0.167
313,FoxNews,Wed Aug 01 03:52:05 +0000 2018,Federal judge blocks release of 3D-printed gun plans for the time being https://t.co/i9lIfpnYhM https://t.co/AOTRq5K1Vl,-0.5106,0.0,0.736,0.264
314,FoxNews,Wed Aug 01 03:45:13 +0000 2018,".@GiannoCaldwell: ""People feel a bit more anxiety and angst when it comes to their safety in Chicago...The mayor ha‚Ä¶ https://t.co/4lRSulzkHG",0.204,0.128,0.78,0.091
315,FoxNews,Wed Aug 01 03:38:36 +0000 2018,Chicago activists demand Rahm Emanuel resign ahead of anti-violence rally https://t.co/a6WKrvtVow https://t.co/H5cpktIvk3,-0.4404,0.0,0.719,0.281
316,FoxNews,Wed Aug 01 03:30:00 +0000 2018,"Orcas pass around calf's body in mourning ritual one week after its death, report says https://t.co/3u7XBY9zXI",-0.7783,0.0,0.673,0.327
317,FoxNews,Wed Aug 01 03:22:00 +0000 2018,".@GOPLeader Kevin McCarthy: ""We have put money into the wall, we are currently building the wall, but we have to fi‚Ä¶ https://t.co/Ktzb5JtO1R",0.0,0.0,1.0,0.0
318,FoxNews,Wed Aug 01 03:15:00 +0000 2018,".@RepDeSantis on his controversial political ad: ""People who are getting upset about it, they have no sense of humo‚Ä¶ https://t.co/uj7KXpX5MO",-0.6808,0.0,0.72,0.28
319,FoxNews,Wed Aug 01 03:09:00 +0000 2018,".@IngrahamAngle: ""Thanks to Trump, we can now as a nation have a real conversation, and a debate would be nice, abo‚Ä¶ https://t.co/Bvus5FUnpf",0.6908,0.251,0.749,0.0
320,FoxNews,Wed Aug 01 03:03:41 +0000 2018,".@IngrahamAngle: ""The president promised you peace and prosperity, and that's what he delivered."" https://t.co/8vXx0FzjLH",0.7184,0.333,0.667,0.0
321,FoxNews,Wed Aug 01 02:59:12 +0000 2018,".@IngrahamAngle: ""If the Democratic Party gains majorities in either house of Congress, what are they going to do?‚Ä¶ https://t.co/z2iH7Y0ya2",0.6249,0.231,0.769,0.0
322,FoxNews,Wed Aug 01 02:52:15 +0000 2018,"Alice Marie Johnson calls America 'country of second chances,' hopeful Trump will 'follow up' with cases like hers. https://t.co/Ts1jXm0Q74",0.7003,0.254,0.746,0.0
323,FoxNews,Wed Aug 01 02:43:03 +0000 2018,Driver who was caught swerving a contractor van to purposely hit puddles and soak pedestrians has been fired. https://t.co/ML3GcKklnZ,-0.5574,0.0,0.825,0.175
324,FoxNews,Wed Aug 01 02:26:11 +0000 2018,The future of lethal injection is in doubt as critics and drug makers rebel against it. https://t.co/ylX2jl8o0P,-0.6486,0.0,0.69,0.31
325,FoxNews,Wed Aug 01 02:15:51 +0000 2018,"""This country is a country of second chances. I love America.""

Alice Marie Johnson, the woman whose prison sentenc‚Ä¶ https://t.co/362fCPneXw",0.4019,0.247,0.617,0.136
326,FoxNews,Wed Aug 01 02:06:29 +0000 2018,"""This system is broken. It needs to be fixed.""

Alice Marie Johnson, the woman whose prison sentence was commuted b‚Ä¶ https://t.co/nqIy769dZc",-0.7269,0.051,0.7,0.249
327,FoxNews,Wed Aug 01 02:00:01 +0000 2018,"Young girl finds needle in West Virginia McDonald‚Äôs play area, nicks finger https://t.co/31pBXG30k9",0.34,0.167,0.833,0.0
328,FoxNews,Wed Aug 01 01:52:00 +0000 2018,"On Monday, former President @BarackObama and Vice President @JoeBiden grabbed lunch together at Dog Tag Bakery, a W‚Ä¶ https://t.co/RynDfAHK5K",0.0,0.0,1.0,0.0
329,FoxNews,Wed Aug 01 01:43:59 +0000 2018,"RT @FoxBusiness: US workers see biggest pay, benefit increase in 10 years  https://t.co/GfNtEuafEB",0.5994,0.317,0.599,0.084
330,FoxNews,Wed Aug 01 01:36:00 +0000 2018,Dozens who lost homes in Carr Fire still report to work at hospital https://t.co/6PebZMhiZL,-0.5719,0.0,0.719,0.281
331,FoxNews,Wed Aug 01 01:28:00 +0000 2018,Texas mall robbery suspects ID'd as Mexican nationals in US illegally https://t.co/XNkImFZLQG,-0.34,0.0,0.821,0.179
332,FoxNews,Wed Aug 01 01:20:00 +0000 2018,Brian Terry murder suspect extradited to the US from Mexico https://t.co/yuLP7lFHHh,-0.7845,0.0,0.566,0.434
333,FoxNews,Wed Aug 01 01:14:07 +0000 2018,".@AlanDersh on Paul Manafort and his trial: ""Well it's very simple, his crime is being associated with Donald Trump‚Ä¶ https://t.co/yLJd7nzCoZ",-0.3947,0.088,0.754,0.158
334,FoxNews,Wed Aug 01 01:06:54 +0000 2018,".@ByronYork on funding for the border wall: ""The Speaker of the House, who is leaving Congress at the end of this y‚Ä¶ https://t.co/9xgAGikgr0",0.0,0.0,1.0,0.0
335,FoxNews,Wed Aug 01 00:51:00 +0000 2018,"Manchester bomber was rescued from Libya years before the @ArianaGrande concert slaughter, reports say. https://t.co/uRVo4rMbFU",0.4215,0.167,0.833,0.0
336,FoxNews,Wed Aug 01 00:46:00 +0000 2018,"#CarrFire prompts accidental evacuation of California town, sheriff reveals. https://t.co/Tov3xITOCT",-0.0772,0.0,0.874,0.126
337,FoxNews,Wed Aug 01 00:42:01 +0000 2018,".@POTUS calls for voter ID, teases Iran talks at Florida rally boosting @RepDeSantis and @FLGovScott. https://t.co/yMGYWz7u2U",0.0516,0.129,0.753,0.118
338,FoxNews,Wed Aug 01 00:40:38 +0000 2018,"Mueller's team slams Manafort's lavish lifestyle, defense points to ex-colleague Rick Gates as fraud trial begins.‚Ä¶ https://t.co/DFScVX2VVx",-0.5106,0.074,0.739,0.187
339,FoxNews,Wed Aug 01 00:34:53 +0000 2018,".@POTUS: ""We will never give up, we will never give in, we will never, ever back down and we will never, ever surre‚Ä¶ https://t.co/e5JMj1bk8R",0.0,0.0,1.0,0.0
340,FoxNews,Wed Aug 01 00:29:47 +0000 2018,".@POTUS: ""With every promise we keep, every record we break, every factory we open, we are restoring American stren‚Ä¶ https://t.co/kbwpz4ojuy",0.5423,0.2,0.8,0.0
341,FoxNews,Wed Aug 01 00:27:49 +0000 2018,".@POTUS: ""Instead of apologizing for America, we're standing up for America. We're standing up for the heroes who p‚Ä¶ https://t.co/lpzonR82Fu",0.4588,0.146,0.796,0.058
342,FoxNews,Wed Aug 01 00:21:53 +0000 2018,".@POTUS: ""Our fallen warriors are finally coming home to lay at rest in American soil."" https://t.co/burknDjFPr https://t.co/wfR2238eYi",-0.3612,0.0,0.865,0.135
343,FoxNews,Wed Aug 01 00:18:54 +0000 2018,".@POTUS: ""I think our relationship is very good with Chairman Kim and we'll all see how it all works out, but there‚Ä¶ https://t.co/bNVcxvQ1E3",0.2724,0.087,0.913,0.0
344,FoxNews,Wed Aug 01 00:13:30 +0000 2018,".@POTUS: ""We're going to have tremendous border security that will include the wall."" https://t.co/burknDjFPr https://t.co/rkCRRnBQdq",0.34,0.146,0.854,0.0
345,FoxNews,Wed Aug 01 00:07:39 +0000 2018,".@POTUS: ""It's a lot easier to act presidential than to do what I do."" https://t.co/burknDjFPr https://t.co/kkVr9vCnZE",0.4215,0.177,0.823,0.0
346,FoxNews,Wed Aug 01 00:03:06 +0000 2018,".@POTUS: ""We're also living by two very important rules‚Äî buy American and hire American."" https://t.co/burknDjFPr https://t.co/7vZ9cVxcA9",0.2716,0.122,0.878,0.0
347,FoxNews,Wed Aug 01 00:01:48 +0000 2018,".@POTUS: ""The days of plundering American jobs and American wealth‚Äî those days are over."" https://t.co/burknDjFPr https://t.co/2OAWN42V3I",0.0,0.0,1.0,0.0
348,FoxNews,Tue Jul 31 23:57:23 +0000 2018,".@POTUS: ""You've seen what happens‚Äî I've kept my promises."" https://t.co/burknDjFPr https://t.co/pmnQxNaA7n",0.0,0.0,1.0,0.0
349,FoxNews,Tue Jul 31 23:56:22 +0000 2018,".@POTUS: ""The United States was allowed to truly get ripped off. But we're not going to let that happen‚Äî I'm not li‚Ä¶ https://t.co/jPrGkDKPV3",0.6908,0.213,0.787,0.0
350,FoxNews,Tue Jul 31 23:53:04 +0000 2018,".@POTUS: ""After years of rebuilding foreign countries, it's time to finally rebuild our country.""‚Ä¶ https://t.co/d5jLOTkN9e",0.0,0.0,1.0,0.0
351,FoxNews,Tue Jul 31 23:47:41 +0000 2018,".@POTUS on meeting world leaders: ""Everyone that greets me says, 'Hello Mr. President, congratulations on what you'‚Ä¶ https://t.co/g5F9odK8lm",0.6705,0.256,0.744,0.0
352,FoxNews,Tue Jul 31 23:45:37 +0000 2018,".@POTUS: ""America is being respected again."" https://t.co/QCrfY9zg1L",0.4767,0.341,0.659,0.0
353,FoxNews,Tue Jul 31 23:40:59 +0000 2018,".@POTUS: ""We're in the longest positive job growth streak in history."" https://t.co/VwH5uzSlLZ",0.7351,0.383,0.617,0.0
354,FoxNews,Tue Jul 31 23:37:48 +0000 2018,".@POTUS: ""We're setting records like never before. Since the election, we have added 3.7 million new jobs."" https://t.co/64xFVsOibH",0.3612,0.128,0.872,0.0
355,FoxNews,Tue Jul 31 23:34:26 +0000 2018,".@POTUS: ""Just last week, it was announced that the U.S. economy grew at 4.1% last quarter. It was a number that ev‚Ä¶ https://t.co/H4Z5djkb1w",0.0772,0.058,0.942,0.0
356,FoxNews,Tue Jul 31 23:31:30 +0000 2018,".@POTUS: ""Everybody loves Melania... She's doing a fantastic job."" https://t.co/XmDhVfzKR6",0.8074,0.51,0.49,0.0
357,FoxNews,Tue Jul 31 23:28:07 +0000 2018,".@POTUS: ""'Make America Great Again' only to be replaced by 'Keep America Great.'"" https://t.co/2F7MJrGpoz",0.6249,0.24,0.76,0.0
358,FoxNews,Tue Jul 31 23:22:09 +0000 2018,"The crowd chants 'USA!' during the ""Make America Great Again"" rally in Tampa, Florida. https://t.co/RqcwWEUVzy",0.6588,0.239,0.761,0.0
359,FoxNews,Tue Jul 31 23:18:46 +0000 2018,".@RonDeSantisFL: ""We have the strongest economy we've had in years."" https://t.co/3X37eYTFgA",0.4404,0.225,0.775,0.0
360,FoxNews,Tue Jul 31 23:17:42 +0000 2018,".@RonDeSantisFL: ""I appreciate your support, Mr. President, but I appreciate more the leadership you're showing for‚Ä¶ https://t.co/9p8GKTWxr1",0.7391,0.358,0.642,0.0
361,FoxNews,Tue Jul 31 23:14:37 +0000 2018,".@CharlesHurt on @POTUS rally: ""This is where Trump is at his best."" #TheStory https://t.co/0F4QhKu340",0.0,0.0,1.0,0.0
362,FoxNews,Tue Jul 31 23:11:47 +0000 2018,"NOW: @POTUS holds rally in Tampa, FL https://t.co/IVLaZyudYq",0.0,0.0,1.0,0.0
363,FoxNews,Tue Jul 31 23:07:58 +0000 2018,".@POTUS holds a ""Make America Great Again"" rally in Tampa, Florida. https://t.co/Z3dmqw65zV",0.6249,0.291,0.709,0.0
364,FoxNews,Tue Jul 31 23:02:42 +0000 2018,AWAITING: @POTUS rally in Florida https://t.co/Mh9Ot5dRBt,0.0,0.0,1.0,0.0
365,FoxNews,Tue Jul 31 22:54:00 +0000 2018,A @PGE4Me truck was proudly flying an American flag while going to homes damaged by the massive Carr Fire in Califo‚Ä¶ https://t.co/QUzg0La7sp,-0.1779,0.134,0.669,0.197
366,FoxNews,Tue Jul 31 22:48:03 +0000 2018,"RT @FoxNewsResearch: ‚Üí Justice Kennedy retired today after serving for 365 months

‚Üí Longest #SCOTUS Tenures:
‚ÄîMonths Served‚Äî
1. Douglas: 4‚Ä¶",0.5267,0.159,0.841,0.0
367,FoxNews,Tue Jul 31 22:47:49 +0000 2018,"Dry ice left in car leaves 1 dead, 1 in critical condition, according to a report. https://t.co/w2ZMElZXwb",-0.765,0.0,0.645,0.355
368,FoxNews,Tue Jul 31 22:47:21 +0000 2018,"RT @MikeEmanuelFox: Facebook uncovers sophisticated efforts to disrupt elections - from #SpecialReport:

https://t.co/InR6IwhEym",0.5574,0.247,0.753,0.0
369,FoxNews,Tue Jul 31 22:42:16 +0000 2018,Netflix won‚Äôt air documentary on controversial Louis Farrakhan after 'internal miscommunication' https://t.co/Qj8ecNZpRW,-0.2023,0.0,0.859,0.141
370,FoxNews,Tue Jul 31 22:35:11 +0000 2018,"UPDATE: No deaths reported in Mexico plane crash, Durango governor says. https://t.co/NrqXPrEERW",-0.5994,0.0,0.671,0.329
371,FoxNews,Tue Jul 31 22:28:44 +0000 2018,A Mexican airliner has crashed near an airport in the northern state of Durango. @JonathanHunt007 has the latest.‚Ä¶ https://t.co/wXkM1X2TaW,0.0,0.0,1.0,0.0
372,FoxNews,Tue Jul 31 22:25:05 +0000 2018,JUST IN: Federal judge blocks release of 3D-printed gun plans for the time being. https://t.co/UxE7Y1VdCE,-0.5106,0.0,0.751,0.249
373,FoxNews,Tue Jul 31 22:22:12 +0000 2018,Officials say they still do not know what happened to 20-year-old Iowa college student Mollie Tibbetts who vanished‚Ä¶ https://t.co/o1OxGp7zp6,0.0,0.0,1.0,0.0
374,FoxNews,Tue Jul 31 22:19:26 +0000 2018,.@POTUS speaks about workforce development from Tampa Bay Technical High School. https://t.co/pTSt17Mw2M,0.0,0.0,1.0,0.0
375,FoxNews,Tue Jul 31 22:17:27 +0000 2018,.@IvankaTrump speaks about workforce development ahead of @POTUS remarks.  https://t.co/pTSt17Mw2M,0.0,0.0,1.0,0.0
376,FoxNews,Tue Jul 31 22:14:33 +0000 2018,Twitter brings in anti-Trump academics to combat intolerance. https://t.co/gn9ycPVGKb,-0.34,0.0,0.769,0.231
377,FoxNews,Tue Jul 31 22:06:41 +0000 2018,"Aeromexico jet crashes after takeoff in northern Mexico, officials say. https://t.co/AUUHWuvG20",0.0,0.0,1.0,0.0
378,FoxNews,Tue Jul 31 22:00:00 +0000 2018,What is West Nile virus? 3 things to know about the mosquito-spread ailment https://t.co/3NIrv1TKH3,0.0,0.0,1.0,0.0
379,FoxNews,Tue Jul 31 21:55:00 +0000 2018,Charles Hurt: ‚ÄúThe one moment where we‚Äôre all supposed to all stop and remember that we‚Äôre all on the same team and‚Ä¶ https://t.co/hOX9V3MkCj,-0.6808,0.0,0.789,0.211
380,FoxNews,Tue Jul 31 21:51:03 +0000 2018,"JUST IN: Aeromexico jet crashes after takeoff in northern Mexico, reports say; officials say 'accident' has taken p‚Ä¶ https://t.co/4YBl8cOsjG",0.0,0.0,1.0,0.0
381,FoxNews,Tue Jul 31 21:45:00 +0000 2018,Massachusetts town's entire 4-person police department quits over 'unsafe working conditions' https://t.co/OCYFMPnFbt,0.0,0.0,1.0,0.0
382,FoxNews,Tue Jul 31 21:38:00 +0000 2018,".@KatiePavlich: ‚ÄúLet‚Äôs take this as a moral issue, and we all believe that health care should be provided....The wa‚Ä¶ https://t.co/TEGUGlrTgp",0.4939,0.151,0.849,0.0
383,FoxNews,Tue Jul 31 21:30:01 +0000 2018,"Charles Hurt: ‚ÄúI‚Äôm sure there are some smart Democrats in Washington, certainly out in the country, who are not on‚Ä¶ https://t.co/1VUJBVeTnL",0.4588,0.266,0.612,0.122
384,FoxNews,Tue Jul 31 21:21:27 +0000 2018,'Calexit' supporters revamp campaign with plan to convert half of California into 'autonomous Native American natio‚Ä¶ https://t.co/HynaqMvBne,0.4404,0.153,0.847,0.0
385,FoxNews,Tue Jul 31 21:15:00 +0000 2018,".@TheJuanWilliams: ‚ÄúI think Democrats know that if you look at Virginia and that gubernatorial race, you look at th‚Ä¶ https://t.co/aHPv7oaaRT",0.0,0.0,1.0,0.0
386,FoxNews,Tue Jul 31 21:11:43 +0000 2018,Florida mom warns of liquid nitrogen 'Dragon's Breath' snack after son's hospitalized: 'He could have died' https://t.co/1iovipr9mw,-0.6124,0.0,0.75,0.25
387,FoxNews,Tue Jul 31 20:54:46 +0000 2018,"Mueller's team slams Manafort's lavish lifestyle in the trial's opening statements, as the defense says wealth is n‚Ä¶ https://t.co/gXAkmLA0Z5",0.5719,0.217,0.783,0.0
388,FoxNews,Tue Jul 31 20:45:00 +0000 2018,Rep. Ron DeSantis Responds to Criticism Over New Trump-Centric Ad Featuring His Family. https://t.co/YRkuVPvMnz,-0.4404,0.0,0.818,0.182
389,FoxNews,Tue Jul 31 20:40:24 +0000 2018,Oregon candidate slammed for vulgar tweet on Melania Trump. https://t.co/k75D8294yP,0.0,0.0,1.0,0.0
390,FoxNews,Tue Jul 31 20:36:13 +0000 2018,RT @FoxBusiness: AT THE CLOSE: Stocks gain momentum following report China and US considering trade talks. https://t.co/3q1tcyxa80 https://‚Ä¶,0.5267,0.167,0.833,0.0
391,FoxNews,Tue Jul 31 20:33:36 +0000 2018,.@VP Mike Pence makes closing keynote remarks regarding our nation's infrastructure at the National Cybersecurity S‚Ä¶ https://t.co/Xe5JtJUcW3,0.0,0.0,1.0,0.0
392,FoxNews,Tue Jul 31 20:31:11 +0000 2018,.@SecNielsen touted the need for a border wall during an appearance on @FoxBusiness. https://t.co/7TckG9SZtm,-0.0516,0.0,0.909,0.091
393,FoxNews,Tue Jul 31 20:22:00 +0000 2018,Afghan migrant whose deportation was thwarted by 'hero' Swedish student was actually sentenced for assault. https://t.co/AsQ5NHxeAx,-0.6124,0.0,0.684,0.316
394,FoxNews,Tue Jul 31 20:16:00 +0000 2018,CBS chief Les Moonves escaped sex abuse charges over statute of limitations. https://t.co/V9t0uwJ4HQ,-0.743,0.0,0.636,0.364
395,FoxNews,Tue Jul 31 20:10:00 +0000 2018,Pittsburgh dad worked three jobs to surprise teen daughter with 'dream' dress https://t.co/GJNUiK34IE https://t.co/5P6hcYU9Kr,0.2732,0.139,0.861,0.0
396,FoxNews,Tue Jul 31 20:03:01 +0000 2018,RT @ShepNewsTeam: Shep is live on Facebook Watch: https://t.co/2QwHzZjNDI,0.0,0.0,1.0,0.0
397,FoxNews,Tue Jul 31 20:02:12 +0000 2018,.@ShepNewsTeam is live with the ‚ÄòFox News Update‚Äô on Facebook Watch: https://t.co/hNrB8xzepH https://t.co/ZomH4hJ1MR,0.0,0.0,1.0,0.0
398,FoxNews,Tue Jul 31 19:57:20 +0000 2018,RT @ShepNewsTeam: AFTER THE SHOW: Shep will be live for today‚Äôs Fox News Afternoon Update on Facebook Watch at https://t.co/IpXcWDUA5J with‚Ä¶,0.0,0.0,1.0,0.0
399,FoxNews,Tue Jul 31 19:56:49 +0000 2018,Fire officials: Shaping up to be most destructive fire season on record in California; @Jeff_Journalist reports‚Ä¶ https://t.co/jyBEHQZK1I,-0.8545,0.0,0.599,0.401
400,NYTIMES,Wed Aug 01 05:19:44 +0000 2018,"His mother ran toward him, her heart racing. ""I cried and hugged him ‚Äî but he didn't even care. He stood there froz‚Ä¶ https://t.co/nO4UfYyt5K",-0.5255,0.068,0.738,0.193
401,NYTIMES,Wed Aug 01 05:02:05 +0000 2018,"RT @nytopinion: Ida B. Wells, anti-lynching champion, finally gets her name on a street in Chicago. https://t.co/ZgF34gZoqc",0.7096,0.296,0.704,0.0
402,NYTIMES,Wed Aug 01 04:42:05 +0000 2018,An astrophysicist finds even more evidence for climate change on Earth ‚Äî in outer space https://t.co/KlN43UsIg7,0.0,0.0,1.0,0.0
403,NYTIMES,Wed Aug 01 04:22:01 +0000 2018,"RT @NYTNational: ‚ö°Ô∏è ‚ÄúScorched Earth and Smoky Sky: What a California Wildfire Leaves Behind‚Äù

https://t.co/egXccw8EkH",0.0,0.0,1.0,0.0
404,NYTIMES,Wed Aug 01 04:20:30 +0000 2018,Mueller Passes 3 Cases Focused on Illicit Foreign Lobbying to Prosecutors in New York https://t.co/8mva7NrkBl,0.3182,0.164,0.755,0.082
405,NYTIMES,Wed Aug 01 04:07:03 +0000 2018,"""This is really frightening if this is the new normal,"" said an energy industry analyst in Norway https://t.co/nMwkPhsTjq",-0.3384,0.097,0.741,0.162
406,NYTIMES,Wed Aug 01 03:53:29 +0000 2018,"Nationals 25, Mets 4: Mets Endure Most Lopsided Defeat in Franchise History https://t.co/TyukKqbwRD",-0.507,0.0,0.785,0.215
407,NYTIMES,Wed Aug 01 03:47:02 +0000 2018,"Aloha Poke Co., which sent cease-and-desist letters to restaurants with similar names, has apologized after being a‚Ä¶ https://t.co/7panJw26ec",0.3182,0.119,0.881,0.0
408,NYTIMES,Wed Aug 01 03:32:03 +0000 2018,"The remains of a Tuskegee Airman whose plane went down in 1944 have been identified, ending his daughter's quest fo‚Ä¶ https://t.co/oKEJOv2y3S",0.0,0.0,1.0,0.0
409,NYTIMES,Wed Aug 01 03:17:05 +0000 2018,RT @NYTFashion: One-piece swimsuits are more stylish anyway! https://t.co/aWY2lGcFnM,0.0,0.0,1.0,0.0
410,NYTIMES,Wed Aug 01 03:02:02 +0000 2018,"The small town of Blandford, Massachusetts, lost its entire police force when all 4 officers quit, saying their job‚Ä¶ https://t.co/oFancYvdKO",-0.3182,0.0,0.887,0.113
411,NYTIMES,Wed Aug 01 02:47:00 +0000 2018,A Florida sheriff defended his decision not to arrest a white shooting suspect who killed an unarmed black man. ‚ÄúI‚Ä¶ https://t.co/6172xMTqXd,-0.6872,0.082,0.647,0.271
412,NYTIMES,Wed Aug 01 02:32:03 +0000 2018,"It has been a bruising time for Billboard, involving allegations of editorial interference and inappropriate behavi‚Ä¶ https://t.co/ss2uVoGjOC",0.0,0.0,1.0,0.0
413,NYTIMES,Wed Aug 01 02:17:03 +0000 2018,"RT @nytpolitics: Alex Jones, the founder of InfoWars, is seeking over $100,000 in court costs from the parents of Noah Pozner, who died at‚Ä¶",-0.5574,0.0,0.865,0.135
414,NYTIMES,Wed Aug 01 02:02:03 +0000 2018,"A giant colony of 500,000 breeding pairs of king penguins has lost 90% of its population since 1982, according to a‚Ä¶ https://t.co/0R7powHbgN",-0.3182,0.0,0.897,0.103
415,NYTIMES,Wed Aug 01 01:47:05 +0000 2018,"An artist transformed a Chinatown alley into a blocklong asphalt mural, as part of a NYC program to create art-fill‚Ä¶ https://t.co/3VcPPaHxsD",0.2732,0.11,0.89,0.0
416,NYTIMES,Wed Aug 01 01:32:03 +0000 2018,New offices are being designed with a focus on the well-being of the people who work in them: ‚ÄúI definitely find my‚Ä¶ https://t.co/8gaAsG70i9,0.4019,0.114,0.886,0.0
417,NYTIMES,Wed Aug 01 01:17:05 +0000 2018,RT @SominiSengupta: A city of empire and jazz and leftist rebels and trees pushing through the moldy old buildings. Now a city at profound‚Ä¶,-0.2023,0.0,0.921,0.079
418,NYTIMES,Wed Aug 01 01:02:03 +0000 2018,Evening Briefing: Here's what you need to know at the end of the day https://t.co/DTKywb0jzZ,0.0,0.0,1.0,0.0
419,NYTIMES,Wed Aug 01 00:47:04 +0000 2018,Is this the end for MoviePass? Here‚Äôs a timeline of company‚Äôs highs and lows. https://t.co/xh64zQTsx0,-0.2023,0.0,0.878,0.122
420,NYTIMES,Wed Aug 01 00:32:04 +0000 2018,The Carr Fire is the largest of 17 wildfires now raging in California. It is heading west after tearing through Red‚Ä¶ https://t.co/Otc1u53Emt,-0.7003,0.0,0.775,0.225
421,NYTIMES,Wed Aug 01 00:17:04 +0000 2018,"RT @nytimesbooks: BookTube: It's like YouTube, but for readers https://t.co/Dp9GOCjNZN",0.1901,0.163,0.837,0.0
422,NYTIMES,Wed Aug 01 00:02:04 +0000 2018,Charles Koch and Donald Trump were never going to be friends. Here's why and how that is unnerving Republicans. https://t.co/pXGNF2Ss9z,0.4767,0.14,0.86,0.0
423,NYTIMES,Tue Jul 31 23:47:02 +0000 2018,You shouldn't skip the opening credits. @poniewozik explains why.  https://t.co/FYgA4oXvJY,0.3612,0.217,0.783,0.0
424,NYTIMES,Tue Jul 31 23:32:04 +0000 2018,"Aeromexico plane crashes in Mexico, but officials say everyone survived https://t.co/FtQeaCmjaS",0.6652,0.308,0.692,0.0
425,NYTIMES,Tue Jul 31 23:17:03 +0000 2018,"RT @jdelreal: I‚Äôve been here in Redding, CA reporting on the horrific Carr Fire and the devastation it has left behind. There‚Äôs no filter o‚Ä¶",-0.8957,0.0,0.64,0.36
426,NYTIMES,Tue Jul 31 23:02:01 +0000 2018,Evening Briefing: Here's what you need to know at the end of the day https://t.co/GQqBbeDBkS,0.0,0.0,1.0,0.0
427,NYTIMES,Tue Jul 31 22:56:04 +0000 2018,RT @dougmillsnyt: .@realDonaldTrump greets a young supporter as he arrives in Tampa Florida for a MAGA campaign rally. https://t.co/y4Xyzlj‚Ä¶,0.4019,0.198,0.802,0.0
428,NYTIMES,Tue Jul 31 22:44:45 +0000 2018,Breaking News: A plan to post blueprints online for how to make 3-D guns was temporarily blocked by a judge in Seat‚Ä¶ https://t.co/mWTjCK2pco,-0.2732,0.0,0.905,0.095
429,NYTIMES,Tue Jul 31 22:32:02 +0000 2018,"The NBA announced that MGM Resorts International will be the league‚Äôs official gaming partner, the first partnershi‚Ä¶ https://t.co/yFi4bJrZW8",0.0,0.0,1.0,0.0
430,NYTIMES,Tue Jul 31 22:16:05 +0000 2018,"RT @cliffordlevy: Some personal news:
I‚Äôm becoming editor of @nytmetro. I‚Äôm thrilled to have the opportunity to partner with the many aweso‚Ä¶",0.6908,0.222,0.778,0.0
431,NYTIMES,Tue Jul 31 22:02:08 +0000 2018,Paul Manafort used the first day of his tax fraud trial to reveal his defense strategy: blaming his longtime busine‚Ä¶ https://t.co/nrGTWQPBwW,-0.7579,0.057,0.679,0.264
432,NYTIMES,Tue Jul 31 21:47:07 +0000 2018,"RT @kimseverson: While Amazon and the big stores punch each other in the face, a tiny revolution in grocery shopping is bubbling up in smal‚Ä¶",0.1779,0.069,0.931,0.0
433,NYTIMES,Tue Jul 31 21:32:04 +0000 2018,San Francisco officials want to ban new tech company cafeterias in an effort to revitalize local neighborhoods https://t.co/217l9Kiagr,-0.5106,0.062,0.766,0.172
434,NYTIMES,Tue Jul 31 21:17:01 +0000 2018,"‚ÄúIt‚Äôs as if the Israeli people simply abandoned us. They say they didn‚Äôt. But according to the clauses of this law,‚Ä¶ https://t.co/AGVOSy4S9f",-0.4588,0.0,0.875,0.125
435,NYTIMES,Tue Jul 31 21:00:11 +0000 2018,"In the Florida governor‚Äôs race, just one issue counts: President Trump. Here‚Äôs how the president and Fox News are t‚Ä¶ https://t.co/MnejyM2pjz",0.0,0.0,1.0,0.0
436,NYTIMES,Tue Jul 31 20:45:08 +0000 2018,A former fraternity brother of the now-banned Beta Theta Pi chapter at Penn State University was sentenced to three‚Ä¶ https://t.co/Pcdeq9TCBa,-0.0258,0.0,0.942,0.058
437,NYTIMES,Tue Jul 31 20:31:04 +0000 2018,"RT @nytimesarts: Klaus Biesenbach, the director of MoMA PS1, has been chosen to lead @MOCAlosangeles https://t.co/U3o9UL5Dtj",0.0,0.0,1.0,0.0
438,NYTIMES,Tue Jul 31 20:15:10 +0000 2018,"President Trump said he‚Äôd be willing to talk to Iran‚Äôs leaders ‚Äúwithout preconditions.‚Äù
Those leaders say Trump can‚Ä¶ https://t.co/gb4tdNU3fV",0.0,0.0,1.0,0.0
439,NYTIMES,Tue Jul 31 20:00:13 +0000 2018,"In March, China voted 2,958 to 2 to abolish a term limit for its top leader Xi Jinping. Now, nearly 5 months later,‚Ä¶ https://t.co/YwVBLsXDYS",0.2023,0.083,0.917,0.0
440,NYTIMES,Tue Jul 31 19:45:10 +0000 2018,"In an effort to turn away from opioids, doctors are prescribing an injectable drug called Depo-Medrol. What they do‚Ä¶ https://t.co/LX6JfIukn2",0.0,0.0,1.0,0.0
441,NYTIMES,Tue Jul 31 19:30:12 +0000 2018,TripAdvisor and the International Rescue Committee launched a new program ‚Äî¬†Welcome Home ‚Äî¬†to give recently resettl‚Ä¶ https://t.co/SA4fMdI6dO,0.7783,0.375,0.625,0.0
442,NYTIMES,Tue Jul 31 19:15:09 +0000 2018,"Film Forum, a haven for foreign, indie and classic films, is reopening after a major renovation. 10 filmmakers look‚Ä¶ https://t.co/tJTr8QWKzl",0.0,0.0,1.0,0.0
443,NYTIMES,Tue Jul 31 19:00:07 +0000 2018,Austin is renaming sites that honored Confederate soldiers. But the city is also contending with an uncomfortable t‚Ä¶ https://t.co/QPjeUCSbXs,0.296,0.162,0.726,0.111
444,NYTIMES,Tue Jul 31 18:45:07 +0000 2018,"Nearly 70 clergy and lay people, including 3 bishops, are under investigation in Chile for cases involving sexual a‚Ä¶ https://t.co/Ld7UAieiuI",0.0,0.0,1.0,0.0
445,NYTIMES,Tue Jul 31 18:30:15 +0000 2018,"The FDA told companies that offered ""vaginal rejuvenation"" laser treatments to stop marketing the procedure, saying‚Ä¶ https://t.co/nWtseTrRK6",-0.296,0.0,0.879,0.121
446,NYTIMES,Tue Jul 31 18:15:11 +0000 2018,3 people were caught on surveillance video stealing a 16-inch-long horn shark from a Texas aquarium this weekend by‚Ä¶ https://t.co/gMTQDbYuCC,-0.5719,0.0,0.812,0.188
447,NYTIMES,Tue Jul 31 18:00:18 +0000 2018,"A giant colony of 500,000 breeding pairs of king penguins has lost 90% of its population since 1982, according to a‚Ä¶ https://t.co/WWg5C2NbUN",-0.3182,0.0,0.897,0.103
448,NYTIMES,Tue Jul 31 17:45:10 +0000 2018,"What you won't hear about at the Paul Manafort trial: Russia, or how jurors voted in 2016 https://t.co/vK8WDKTMWx",0.0,0.0,1.0,0.0
449,NYTIMES,Tue Jul 31 17:30:09 +0000 2018,"RT @halophoenix: Today in Smarter Living, a few strategic upgrades to my tiny apartment bedroom turned it from a near-closet to a relaxing,‚Ä¶",0.4588,0.136,0.864,0.0
450,NYTIMES,Tue Jul 31 17:15:04 +0000 2018,Workplaces can be weird sometimes. She can help. https://t.co/iAsalvIpjz,0.25,0.237,0.614,0.149
451,NYTIMES,Tue Jul 31 17:05:08 +0000 2018,"In Opinion

Op-Ed columnist Frank Bruni writes, ""Manafort‚Äôs trial on bank- and tax-fraud charges, stemming from pol‚Ä¶ https://t.co/GZ3LKDmdJP",-0.2732,0.0,0.89,0.11
452,NYTIMES,Tue Jul 31 16:50:03 +0000 2018,"Journalist Bob Woodward, famed for his coverage of Watergate, has a new book: ‚ÄúFear: Trump in the White House,‚Äù abo‚Ä¶ https://t.co/1YNipW8ctf",0.0,0.0,1.0,0.0
453,NYTIMES,Tue Jul 31 16:35:04 +0000 2018,"RT @RaR: Local news is in crisis across the country, and New Jersey lawmakers want to try something once unthinkable: Putting up taxpayer m‚Ä¶",-0.5859,0.047,0.803,0.15
454,NYTIMES,Tue Jul 31 16:21:57 +0000 2018,Breaking News: Facebook identified coordinated efforts using fake accounts to influence the midterm elections on is‚Ä¶ https://t.co/3b1qm1Cykf,-0.4767,0.0,0.838,0.162
455,NYTIMES,Tue Jul 31 16:15:06 +0000 2018,"LeBron James started posting workout videos to Instagram, so now everybody is posting workout videos to Instagram https://t.co/mlnvIeYN7j",0.0,0.0,1.0,0.0
456,NYTIMES,Tue Jul 31 16:00:18 +0000 2018,"""We are not going to run out of food ‚Äî this isn't about the return of rationing,"" said the director general of the‚Ä¶ https://t.co/f9mkWoLtwq",0.0,0.0,1.0,0.0
457,NYTIMES,Tue Jul 31 15:50:05 +0000 2018,"President Trump and Senate Republicans are stacking federal appeals courts with young, conservative judges who, thr‚Ä¶ https://t.co/qgYI9V1nc3",0.0,0.0,1.0,0.0
458,NYTIMES,Tue Jul 31 15:39:03 +0000 2018,Alda said he revealed he had Parkinson‚Äôs disease to encourage people to take action. ‚ÄúThe reason I want to talk abo‚Ä¶ https://t.co/GkJWcYkXeB,0.5574,0.195,0.805,0.0
459,NYTIMES,Tue Jul 31 15:35:00 +0000 2018,Alda says he was prompted to ask his doctor for a scan after reading a 2015 New York Times article on Parkinson's d‚Ä¶ https://t.co/5IKSm9jPKP,0.0,0.0,1.0,0.0
460,NYTIMES,Tue Jul 31 15:30:09 +0000 2018,‚ÄúM*A*S*H‚Äù actor Alan Alda revealed on CBS ‚ÄúThis Morning‚Äù that he has been living with Parkinson‚Äôs disease for over‚Ä¶ https://t.co/YM3OrHpeF7,0.0,0.0,1.0,0.0
461,NYTIMES,Tue Jul 31 15:15:05 +0000 2018,"Police say a Connecticut man used dating apps to hunt women, including a nurse he met through Tinder who was murder‚Ä¶ https://t.co/0urSPaHbVx",0.0,0.0,1.0,0.0
462,NYTIMES,Tue Jul 31 15:00:14 +0000 2018,"RT @nytimesworld: As British courts shifted their position on ending life support for patients in a persistent vegetative state, one campai‚Ä¶",0.4019,0.124,0.876,0.0
463,NYTIMES,Tue Jul 31 14:45:05 +0000 2018,President Trump said he is ‚Äúlooking into‚Äù his administration‚Äôs decision to allow 3-D printed plastic guns capable o‚Ä¶ https://t.co/tlypNgVzCR,0.5423,0.209,0.791,0.0
464,NYTIMES,Tue Jul 31 14:30:07 +0000 2018,President Trump's endorsements have influenced the outcomes of primaries across the country this year. Florida's Re‚Ä¶ https://t.co/2cURK5HiTO,0.0,0.0,1.0,0.0
465,NYTIMES,Tue Jul 31 14:15:06 +0000 2018,"RT @jmartNYT: NEW: @adamputnam did everything right: UF, state house at 22, Congress at 26, where he became member of ldrshp, and then two‚Ä¶",0.0,0.0,1.0,0.0
466,NYTIMES,Tue Jul 31 14:00:09 +0000 2018,"Your daily @DealBook Briefing:

‚Ä¢ Trump considers a huge tax cut for the rich¬†

‚Ä¢ Les Moonves stays at CBS (for now‚Ä¶ https://t.co/jllRY1baie",0.5859,0.236,0.68,0.084
467,NYTIMES,Tue Jul 31 13:45:06 +0000 2018,Stephen Colbert stopped just short of saying that Les Moonves should resign as chief executive of CBS Corporation.‚Ä¶ https://t.co/Z6iX1Els9H,-0.5106,0.0,0.798,0.202
468,NYTIMES,Tue Jul 31 13:30:08 +0000 2018,Water sloshes into their homes. The drains back up and overflow. The community tap is often contaminated. Dengue fe‚Ä¶ https://t.co/VzH5VsjKwp,0.0,0.0,1.0,0.0
469,NYTIMES,Tue Jul 31 13:15:09 +0000 2018,"Leslie Cockburn, a Democratic congressional nominee in Virginia, accused her Republican opponent, Denver Riggleman,‚Ä¶ https://t.co/DhsqQ8OUEN",-0.296,0.0,0.855,0.145
470,NYTIMES,Tue Jul 31 13:00:18 +0000 2018,Morning¬†Briefing: Here's what you need to know to start your day https://t.co/yXzPxyGrWM https://t.co/ujoZ35eDkI,0.0,0.0,1.0,0.0
471,NYTIMES,Tue Jul 31 12:50:03 +0000 2018,"His mother ran toward him, her heart racing. ""I cried and hugged him ‚Äî but he didn't even care. He stood there froz‚Ä¶ https://t.co/ayzftsqX53",-0.5255,0.068,0.738,0.193
472,NYTIMES,Tue Jul 31 12:40:06 +0000 2018,Gun control proponents and state officials are racing the clock to try to block blueprints to make guns from 3-D pr‚Ä¶ https://t.co/vYzZGwHmmd,-0.6486,0.0,0.791,0.209
473,NYTIMES,Tue Jul 31 12:31:04 +0000 2018,The charges against Manafort do not involve any allegations that the Trump campaign conspired with Russians. Noneth‚Ä¶ https://t.co/cQ1xCQfCX5,-0.2732,0.0,0.89,0.11
474,NYTIMES,Tue Jul 31 12:15:04 +0000 2018,Iran said that talks with the United States would be impossible under what it called the Trump administration‚Äôs hos‚Ä¶ https://t.co/AXaWkGExsj,0.4215,0.128,0.872,0.0
475,NYTIMES,Tue Jul 31 11:44:07 +0000 2018,"Rudy Giuliani, a lawyer for President Trump, said in interviews that even if Trump did collude with the Russians, h‚Ä¶ https://t.co/6UXcXOC33b",0.0,0.0,1.0,0.0
476,NYTIMES,Tue Jul 31 11:32:04 +0000 2018,"""Among everyone caught up in the #MeToo movement, only Mr. Moonves was so bold ‚Äî or so reckless ‚Äî as to start a civ‚Ä¶ https://t.co/bQKcrwxTOx",0.0959,0.128,0.759,0.114
477,NYTIMES,Tue Jul 31 11:14:04 +0000 2018,Democrats are working on an election strategy for the 2018 midterms and beyond. It's one that deliberately sounds l‚Ä¶ https://t.co/z09yWVHDem,0.0,0.0,1.0,0.0
478,NYTIMES,Tue Jul 31 11:00:12 +0000 2018,The Trump administration is considering bypassing Congress to give a $100 billion tax cut to the wealthy by changin‚Ä¶ https://t.co/D6cSehzLMU,0.1027,0.116,0.787,0.097
479,NYTIMES,Tue Jul 31 10:46:00 +0000 2018,"A car ran down a group of touring cyclists in Tajikistan over the weekend, killing four people from the United Stat‚Ä¶ https://t.co/0exVlIKr0f",-0.3818,0.111,0.714,0.175
480,NYTIMES,Tue Jul 31 10:30:04 +0000 2018,"Long lines of enthusiastic voters formed at polling stations in Zimbabwe on Monday, following a peaceful campaign w‚Ä¶ https://t.co/vJPQbnAGiO",0.7506,0.286,0.714,0.0
481,NYTIMES,Tue Jul 31 10:16:03 +0000 2018,"""This is really frightening if this is the new normal,"" said an energy industry analyst in Norway https://t.co/suyqXeNVPk",-0.3384,0.097,0.741,0.162
482,NYTIMES,Tue Jul 31 10:00:09 +0000 2018,Morning¬†Briefing: Here's what you need to know to start your day https://t.co/rOgwD44cHU https://t.co/xjkbXaoIbP,0.0,0.0,1.0,0.0
483,NYTIMES,Tue Jul 31 09:43:05 +0000 2018,"""Stockpiling of food is not a practical response to a no-deal on Brexit and industry has not been approached by Gov‚Ä¶ https://t.co/Bm5r6AYqMR",0.0,0.0,1.0,0.0
484,NYTIMES,Tue Jul 31 09:31:02 +0000 2018,Paul Manafort faces 32 charges of bank and tax fraud largely stemming from his work as a political consultant in Uk‚Ä¶ https://t.co/Vr8vlmfuWm,-0.7096,0.0,0.763,0.237
485,NYTIMES,Tue Jul 31 09:14:05 +0000 2018,An actor‚Äôs suicide has rattled the cast of the hit musical ‚ÄúChicago‚Äù and raised thorny questions about workplace be‚Ä¶ https://t.co/PBmUjlSBix,-0.765,0.0,0.732,0.268
486,NYTIMES,Tue Jul 31 09:00:03 +0000 2018,"Militants detonated a car bomb at a military checkpoint in the southern Philippine island of Basilan, killing at le‚Ä¶ https://t.co/2QZxATvCrY",-0.8225,0.0,0.678,0.322
487,NYTIMES,Tue Jul 31 08:45:03 +0000 2018,RT @nytimesworld: Nuns in a convent breed endangered Mexican salamanders to make them into a cough syrup. They may be the only thing saving‚Ä¶,0.0,0.0,1.0,0.0
488,NYTIMES,Tue Jul 31 08:33:04 +0000 2018,"This Italian town is known for its ceramics, but it hopes to become known as a center of suborbital flights https://t.co/I3WfNcpAlY",0.5719,0.163,0.837,0.0
489,NYTIMES,Tue Jul 31 08:16:01 +0000 2018,RT @nytimesworld: At least 1.3 million people were deported to Auschwitz during World War II. About 1.1 million people died there. Fewer th‚Ä¶,-0.8176,0.0,0.737,0.263
490,NYTIMES,Tue Jul 31 08:02:04 +0000 2018,The Trump administration is considering bypassing Congress to give a $100 billion tax cut to the wealthy by changin‚Ä¶ https://t.co/YSoWDGUkb0,0.1027,0.116,0.787,0.097
491,NYTIMES,Tue Jul 31 07:47:02 +0000 2018,"RT @nytopinion: President Trump told Iowans ""farmers love me"" but many farmers think his trade war is a self-inflicted wound for the countr‚Ä¶",-0.5789,0.093,0.716,0.191
492,NYTIMES,Tue Jul 31 07:32:04 +0000 2018,A vaccine scandal that has become one of the most visible public health crises in China in recent years https://t.co/rLBADLcPiP,-0.4404,0.0,0.861,0.139
493,NYTIMES,Tue Jul 31 07:17:06 +0000 2018,Taking an organized tour of Nepal and Bhutan was supposed to make a complicated trip less daunting. But would it ma‚Ä¶ https://t.co/PRaXSscmJP,0.0,0.0,1.0,0.0
494,NYTIMES,Tue Jul 31 07:02:00 +0000 2018,Many feel that a draft list of citizens released by the Indian government has disproportionately left off Muslims a‚Ä¶ https://t.co/P3reHBAAzR,0.0,0.0,1.0,0.0
495,NYTIMES,Tue Jul 31 06:40:22 +0000 2018,Blue-collar workers at an Ohio factory said they support President Trump on tariffs regardless of the cost. ‚ÄúIf it‚Ä¶ https://t.co/lM3XSUlP49,0.4019,0.124,0.876,0.0
496,NYTIMES,Tue Jul 31 06:22:36 +0000 2018,It's not just service dogs: Here's why management companies allow emotional-support animals in pet-free buildings https://t.co/kh5LpmC5Ub,0.2263,0.112,0.888,0.0
497,NYTIMES,Tue Jul 31 06:04:37 +0000 2018,"Philippine Bombing Kills 10, Showing Insurgents Remain a Problem https://t.co/QumvhgCMds",-0.7351,0.0,0.53,0.47
498,NYTIMES,Tue Jul 31 06:04:37 +0000 2018,"You know them from ‚ÄúKilling Eve,‚Äù ‚ÄúBarry,‚Äù and more. But here‚Äôs what your favorite TV stars were up to before they‚Ä¶ https://t.co/KRUk7tGbgl",0.4588,0.125,0.875,0.0
499,NYTIMES,Tue Jul 31 05:48:21 +0000 2018,The proposed $100 billion bullet train to connect LA to San Francisco is the most ambitious public transportation p‚Ä¶ https://t.co/kLN3cUiryd,0.5256,0.152,0.848,0.0
